-- MySQL dump 10.13  Distrib 8.0.33, for macos13 (arm64)
--
-- Host: 127.0.0.1    Database: digit_twin
-- ------------------------------------------------------
-- Server version	8.0.33

/*!40101 SET @OLD_CHARACTER_SET_CLIENT=@@CHARACTER_SET_CLIENT */;
/*!40101 SET @OLD_CHARACTER_SET_RESULTS=@@CHARACTER_SET_RESULTS */;
/*!40101 SET @OLD_COLLATION_CONNECTION=@@COLLATION_CONNECTION */;
/*!50503 SET NAMES utf8mb4 */;
/*!40103 SET @OLD_TIME_ZONE=@@TIME_ZONE */;
/*!40103 SET TIME_ZONE='+00:00' */;
/*!40014 SET @OLD_UNIQUE_CHECKS=@@UNIQUE_CHECKS, UNIQUE_CHECKS=0 */;
/*!40014 SET @OLD_FOREIGN_KEY_CHECKS=@@FOREIGN_KEY_CHECKS, FOREIGN_KEY_CHECKS=0 */;
/*!40101 SET @OLD_SQL_MODE=@@SQL_MODE, SQL_MODE='NO_AUTO_VALUE_ON_ZERO' */;
/*!40111 SET @OLD_SQL_NOTES=@@SQL_NOTES, SQL_NOTES=0 */;

--
-- Table structure for table `t_alarm_actions`
--

DROP TABLE IF EXISTS `t_alarm_actions`;
/*!40101 SET @saved_cs_client     = @@character_set_client */;
/*!50503 SET character_set_client = utf8mb4 */;
CREATE TABLE `t_alarm_actions` (
  `id` int NOT NULL AUTO_INCREMENT COMMENT '主键',
  `action_name` varchar(16) NOT NULL,
  `action_qos` int DEFAULT '0' COMMENT 'QOS等级',
  `action_topic` varchar(32) NOT NULL COMMENT '发布主题',
  `action_msg` text COMMENT '发布的信息',
  `create_time` datetime DEFAULT NULL COMMENT '创建时间',
  `is_deleted` int DEFAULT '0',
  `version` int DEFAULT '1',
  PRIMARY KEY (`id`)
) ENGINE=InnoDB AUTO_INCREMENT=12 DEFAULT CHARSET=utf8mb4 COLLATE=utf8mb4_0900_ai_ci COMMENT='告警措施表';
/*!40101 SET character_set_client = @saved_cs_client */;

--
-- Dumping data for table `t_alarm_actions`
--

LOCK TABLES `t_alarm_actions` WRITE;
/*!40000 ALTER TABLE `t_alarm_actions` DISABLE KEYS */;
INSERT INTO `t_alarm_actions` VALUES (1,'蜂鸣器报警',0,'ESP_Control/1','#control_Buzzer_ON','2024-03-06 17:25:43',0,1),(2,'LED闪烁',1,'ESP_Control/1','#control_LED_ON','2024-03-06 17:55:27',0,1),(3,'风扇转动',1,'ESP_Control/1','control_FAN_ON','2024-03-06 18:03:33',1,1),(4,'降低电机转速',2,'ESP_Control/1','#control_Motor_Low','2024-03-07 11:20:26',1,1),(5,'提高电机转速',0,'ESP_Control/1','#control_Motor_High','2024-03-07 11:22:08',1,1),(6,'关闭电机',2,'ESP_Control/1','#control_Motor_Off','2024-03-07 11:25:08',0,1),(7,'降低电机转速',1,'ESP_Control/1','#control_Motor_Low','2024-03-07 13:09:12',0,1),(8,'提高电机2号转速',2,'ESP_Control/2','#control_Motor2_High','2024-03-07 13:11:29',0,1),(9,'打开空调',0,'ESP_Control/2','#open_control','2024-03-07 23:27:28',0,1),(10,'打开风扇',0,'ESP_Control/2','#open_fan','2024-04-04 18:06:33',0,1),(11,'关闭电机',1,'ESP_Control/2','#off_motor','2024-04-04 18:10:28',0,1);
/*!40000 ALTER TABLE `t_alarm_actions` ENABLE KEYS */;
UNLOCK TABLES;

--
-- Table structure for table `t_devices`
--

DROP TABLE IF EXISTS `t_devices`;
/*!40101 SET @saved_cs_client     = @@character_set_client */;
/*!50503 SET character_set_client = utf8mb4 */;
CREATE TABLE `t_devices` (
  `did` int NOT NULL AUTO_INCREMENT COMMENT '自增ID',
  `d_number` varchar(255) DEFAULT NULL COMMENT '设备id',
  `d_name` varchar(255) DEFAULT NULL COMMENT '设备名称',
  `d_mark` text COMMENT '设备描述',
  `d_status` int DEFAULT NULL COMMENT '设备状态 0不在线 1在线',
  `create_time` datetime DEFAULT NULL COMMENT '创建时间',
  `update_time` datetime DEFAULT NULL COMMENT '最近更新时间',
  `d_ip` varchar(255) DEFAULT NULL COMMENT '设备的网络IP地址',
  `version` int DEFAULT NULL COMMENT '乐观锁',
  `is_deleted` int DEFAULT NULL COMMENT '逻辑删除标识',
  PRIMARY KEY (`did`),
  UNIQUE KEY `d_number` (`d_number`)
) ENGINE=InnoDB AUTO_INCREMENT=10028 DEFAULT CHARSET=utf8mb4 COLLATE=utf8mb4_0900_ai_ci;
/*!40101 SET character_set_client = @saved_cs_client */;

--
-- Dumping data for table `t_devices`
--

LOCK TABLES `t_devices` WRITE;
/*!40000 ALTER TABLE `t_devices` DISABLE KEYS */;
INSERT INTO `t_devices` VALUES (10000,'04e92ad6-d479-11ee-8eb9-da892107c2b8','物联网设备ESP','非常好用捏',1,'2024-02-26 15:31:13','2024-04-01 00:24:36','192.168.1.101',1,0),(10001,'04ea3f16-d479-11ee-8eb9-da892107c2b8','不是我的设备','这应该是其他人的设备',1,'2024-02-26 15:31:13','2024-03-07 17:30:42','192.168.1.102',1,1),(10002,'28999bac-d4b3-11ee-8eb9-da892107c2b8','设备1','设备001的描述',0,'2024-02-26 21:27:24','2024-02-26 22:27:24','192.168.1.101',1,0),(10003,'289b8304-d4b3-11ee-8eb9-da892107c2b8','设备2','设备002的描述',0,'2024-02-26 20:27:24','2024-02-26 22:27:24','192.168.1.102',1,1),(10004,'289b9970-d4b3-11ee-8eb9-da892107c2b8','设备3','设备003的描述',0,'2024-02-26 19:27:24','2024-02-26 22:27:24','192.168.1.103',1,1),(10005,'289ba26c-d4b3-11ee-8eb9-da892107c2b8','设备4','设备004的描述',0,'2024-02-26 18:27:24','2024-02-26 22:27:24','192.168.1.104',1,1),(10006,'289ba334-d4b3-11ee-8eb9-da892107c2b8','设备5','设备005的描述',1,'2024-02-26 17:27:24','2024-02-26 22:27:24','192.168.1.105',1,0),(10007,'289ba3de-d4b3-11ee-8eb9-da892107c2b8','设备6','设备001的描述',0,'2024-02-26 16:27:24','2024-02-26 22:27:24','192.168.1.106',1,1),(10008,'289babb8-d4b3-11ee-8eb9-da892107c2b8','设备7','设备007的描述',0,'2024-02-26 15:27:24','2024-02-26 22:27:24','192.168.1.107',1,0),(10009,'289bac6c-d4b3-11ee-8eb9-da892107c2b8','设备8','设备008的描述',1,'2024-02-26 14:27:24','2024-02-26 22:27:24','192.168.1.108',1,0),(10010,'289bad3e-d4b3-11ee-8eb9-da892107c2b8','设备9','设备009的描述',1,'2024-02-26 13:27:24','2024-03-03 23:15:05','192.168.1.109',1,1),(10011,'289badf2-d4b3-11ee-8eb9-da892107c2b8','设备10','设备010的描述',1,'2024-02-26 12:27:24','2024-02-26 22:27:24','192.168.1.110',1,1),(10022,'2c61c3f0-4731-4249-8c0b-8b16fd87d06c','测试设备','这是一个测试的设备',0,'2024-03-02 11:03:51','2024-03-02 11:03:51','127.0.0.1',1,0),(10023,'6ac16d9d-f2aa-40fe-bc2a-c545a965b979','esp-test','测试设备',0,'2024-03-07 16:36:18','2024-03-07 17:30:18',NULL,1,1),(10024,'41c415ac-3e17-4fc1-8201-2012fbf699db','2#测试ESP','这是测试设备',0,'2024-03-07 23:18:55','2024-03-07 23:35:53','162.181.1.31',1,1),(10025,'02dd49f4-4c04-4f40-9264-4a106cb5581b','esp01s','按摩枕头',1,'2024-04-01 00:29:58','2024-04-06 22:22:44','127.0.0.1',1,0);
/*!40000 ALTER TABLE `t_devices` ENABLE KEYS */;
UNLOCK TABLES;

--
-- Table structure for table `t_fields_map_devices`
--

DROP TABLE IF EXISTS `t_fields_map_devices`;
/*!40101 SET @saved_cs_client     = @@character_set_client */;
/*!50503 SET character_set_client = utf8mb4 */;
CREATE TABLE `t_fields_map_devices` (
  `m_id` int NOT NULL AUTO_INCREMENT,
  `d_id` int DEFAULT NULL COMMENT '设备id',
  `f_id` int DEFAULT NULL COMMENT '数据段id',
  PRIMARY KEY (`m_id`)
) ENGINE=InnoDB AUTO_INCREMENT=14 DEFAULT CHARSET=utf8mb4 COLLATE=utf8mb4_0900_ai_ci;
/*!40101 SET character_set_client = @saved_cs_client */;

--
-- Dumping data for table `t_fields_map_devices`
--

LOCK TABLES `t_fields_map_devices` WRITE;
/*!40000 ALTER TABLE `t_fields_map_devices` DISABLE KEYS */;
INSERT INTO `t_fields_map_devices` VALUES (2,10000,3),(6,10005,3),(13,10025,13);
/*!40000 ALTER TABLE `t_fields_map_devices` ENABLE KEYS */;
UNLOCK TABLES;

--
-- Table structure for table `t_sensor_alarm_records`
--

DROP TABLE IF EXISTS `t_sensor_alarm_records`;
/*!40101 SET @saved_cs_client     = @@character_set_client */;
/*!50503 SET character_set_client = utf8mb4 */;
CREATE TABLE `t_sensor_alarm_records` (
  `aid` int NOT NULL AUTO_INCREMENT COMMENT '自增ID',
  `device_id` int NOT NULL COMMENT '设备ID，关联设备表中的设备',
  `field_id` int NOT NULL COMMENT '传感器字段ID，关联传感器字段表中的字段',
  `alarm_time` datetime NOT NULL COMMENT '报警时间',
  `alarm_description` text COMMENT '报警描述',
  `alarm_intensity` int DEFAULT NULL COMMENT '报警强度',
  `alarm_value` double DEFAULT NULL COMMENT '报警数值',
  `is_cleared` int DEFAULT NULL COMMENT '是否已清除报警',
  `cleared_time` datetime DEFAULT NULL COMMENT '清除报警的时间',
  `cleared_description` text COMMENT '清除报警的描述',
  PRIMARY KEY (`aid`)
) ENGINE=InnoDB AUTO_INCREMENT=1197 DEFAULT CHARSET=utf8mb4 COLLATE=utf8mb4_0900_ai_ci;
/*!40101 SET character_set_client = @saved_cs_client */;

--
-- Dumping data for table `t_sensor_alarm_records`
--

LOCK TABLES `t_sensor_alarm_records` WRITE;
/*!40000 ALTER TABLE `t_sensor_alarm_records` DISABLE KEYS */;
INSERT INTO `t_sensor_alarm_records` VALUES (1,10000,1,'2024-03-05 17:13:50','温度异常',3,59.2,1,'2024-03-05 22:02:11','得知警告'),(2,10000,3,'2024-03-05 17:14:56','力超过阈值',3,89.4,0,NULL,NULL),(3,10000,1,'2024-03-05 17:49:08','温度异常',3,62.9,1,'2024-03-05 22:26:58','第四次确认警告'),(4,10000,3,'2024-03-06 13:33:21','力传感器',3,241.3,0,NULL,NULL),(5,10000,3,'2024-03-06 13:34:32','力超过阈值',3,141.3,0,NULL,NULL),(6,10000,1,'2024-03-06 13:34:32','温度异常',1,85.1,0,NULL,NULL),(7,10000,1,'2024-03-07 16:10:30','温度异常',1,55.1,0,NULL,NULL),(8,10000,1,'2024-03-07 16:11:40','温度异常',1,55.1,0,NULL,NULL),(9,10000,1,'2024-03-07 16:19:58','温度异常',1,55.1,0,NULL,NULL),(10,10000,1,'2024-03-07 16:21:15','温度异常',1,55.1,0,NULL,NULL),(11,10000,1,'2024-03-07 16:25:12','温度异常',1,55.1,0,NULL,NULL),(12,10000,1,'2024-03-07 16:27:03','温度异常',1,75.1,0,NULL,NULL),(13,10000,1,'2024-03-07 16:28:31','温度异常',1,75.1,0,NULL,NULL),(14,10000,1,'2024-03-07 17:19:08','温度异常',1,75.1,0,NULL,NULL),(15,10000,1,'2024-03-07 17:29:40','温度异常',1,75.1,0,NULL,NULL),(16,10000,1,'2024-03-07 17:29:53','温度异常',1,75.1,0,NULL,NULL),(17,10023,1,'2024-03-07 17:30:17','温度异常',1,75.1,0,NULL,NULL),(18,10001,1,'2024-03-07 17:30:42','温度异常',1,75.1,0,NULL,NULL),(19,10024,11,'2024-03-07 23:26:01','温度异常',3,61.3,0,NULL,NULL),(20,10024,11,'2024-03-07 23:29:08','温度异常',3,61.3,1,'2024-03-07 23:36:16','知晓原因'),(21,10024,11,'2024-03-07 23:35:53','温度异常',3,71.3,1,'2024-03-08 00:06:23','知晓'),(22,10000,1,'2024-03-14 20:00:39','温度异常',1,55.1,0,NULL,NULL),(23,10000,1,'2024-03-14 20:01:23','温度异常',1,45.1,0,NULL,NULL),(24,10000,1,'2024-03-14 20:03:11','温度异常',1,45.1,1,'2024-03-27 23:50:14','知晓'),(25,10000,1,'2024-03-27 23:53:41','温度异常',1,45.1,0,NULL,NULL),(26,10025,13,'2024-04-01 15:01:13','力传感器超过阈值',2,11.3,0,NULL,NULL),(27,10025,13,'2024-04-01 16:40:36','力传感器超过阈值',2,47.9,0,NULL,NULL),(28,10025,13,'2024-04-01 16:40:38','力传感器超过阈值',2,47.9,0,NULL,NULL),(29,10025,13,'2024-04-01 16:40:39','力传感器超过阈值',2,47.9,0,NULL,NULL),(30,10025,13,'2024-04-01 16:40:41','力传感器超过阈值',2,47.9,0,NULL,NULL),(31,10025,13,'2024-04-01 16:40:42','力传感器超过阈值',2,47.9,0,NULL,NULL),(32,10025,13,'2024-04-01 16:40:44','力传感器超过阈值',2,47.9,0,NULL,NULL),(33,10025,13,'2024-04-01 16:40:45','力传感器超过阈值',2,47.9,0,NULL,NULL),(34,10025,13,'2024-04-01 16:40:47','力传感器超过阈值',2,47.9,0,NULL,NULL),(35,10025,13,'2024-04-01 16:40:48','力传感器超过阈值',2,47.8,0,NULL,NULL),(36,10025,13,'2024-04-01 16:40:50','力传感器超过阈值',2,47.9,0,NULL,NULL),(37,10025,13,'2024-04-01 16:40:51','力传感器超过阈值',2,47.9,0,NULL,NULL),(38,10025,13,'2024-04-01 16:40:53','力传感器超过阈值',2,47.8,0,NULL,NULL),(39,10025,13,'2024-04-01 16:40:54','力传感器超过阈值',2,47.9,0,NULL,NULL),(40,10025,13,'2024-04-01 16:40:56','力传感器超过阈值',2,47.9,0,NULL,NULL),(41,10025,13,'2024-04-01 16:40:58','力传感器超过阈值',2,47.9,0,NULL,NULL),(42,10025,13,'2024-04-01 16:40:59','力传感器超过阈值',2,47.9,0,NULL,NULL),(43,10025,13,'2024-04-01 16:41:01','力传感器超过阈值',2,47.9,0,NULL,NULL),(44,10025,13,'2024-04-01 16:41:02','力传感器超过阈值',2,47.9,0,NULL,NULL),(45,10025,13,'2024-04-01 16:41:04','力传感器超过阈值',2,47.9,0,NULL,NULL),(46,10025,13,'2024-04-01 16:41:05','力传感器超过阈值',2,47.9,0,NULL,NULL),(47,10025,13,'2024-04-01 16:41:07','力传感器超过阈值',2,47.8,0,NULL,NULL),(48,10025,13,'2024-04-01 16:41:08','力传感器超过阈值',2,47.9,0,NULL,NULL),(49,10025,13,'2024-04-01 16:41:10','力传感器超过阈值',2,47.9,0,NULL,NULL),(50,10025,13,'2024-04-01 16:41:11','力传感器超过阈值',2,47.9,0,NULL,NULL),(51,10025,13,'2024-04-01 16:41:13','力传感器超过阈值',2,47.9,0,NULL,NULL),(52,10025,13,'2024-04-01 16:41:14','力传感器超过阈值',2,47.9,0,NULL,NULL),(53,10025,13,'2024-04-01 16:41:16','力传感器超过阈值',2,47.8,0,NULL,NULL),(54,10025,13,'2024-04-01 16:41:18','力传感器超过阈值',2,47.9,0,NULL,NULL),(55,10025,13,'2024-04-01 16:41:19','力传感器超过阈值',2,47.9,0,NULL,NULL),(56,10025,13,'2024-04-01 16:41:21','力传感器超过阈值',2,47.9,0,NULL,NULL),(57,10025,13,'2024-04-01 16:41:22','力传感器超过阈值',2,47.9,0,NULL,NULL),(58,10025,13,'2024-04-01 16:41:24','力传感器超过阈值',2,47.9,0,NULL,NULL),(59,10025,13,'2024-04-01 16:41:25','力传感器超过阈值',2,47.8,0,NULL,NULL),(60,10025,13,'2024-04-01 16:41:27','力传感器超过阈值',2,47.9,0,NULL,NULL),(61,10025,13,'2024-04-01 16:41:28','力传感器超过阈值',2,47.8,0,NULL,NULL),(62,10025,13,'2024-04-01 16:41:30','力传感器超过阈值',2,47.9,0,NULL,NULL),(63,10025,13,'2024-04-01 16:41:31','力传感器超过阈值',2,47.9,0,NULL,NULL),(64,10025,13,'2024-04-01 16:41:33','力传感器超过阈值',2,47.9,0,NULL,NULL),(65,10025,13,'2024-04-01 16:41:34','力传感器超过阈值',2,47.9,0,NULL,NULL),(66,10025,13,'2024-04-01 16:41:36','力传感器超过阈值',2,47.9,0,NULL,NULL),(67,10025,13,'2024-04-01 16:41:37','力传感器超过阈值',2,47.9,0,NULL,NULL),(68,10025,13,'2024-04-01 16:41:39','力传感器超过阈值',2,47.8,0,NULL,NULL),(69,10025,13,'2024-04-01 16:41:41','力传感器超过阈值',2,47.9,0,NULL,NULL),(70,10025,13,'2024-04-01 16:41:42','力传感器超过阈值',2,47.9,0,NULL,NULL),(71,10025,13,'2024-04-01 16:41:44','力传感器超过阈值',2,47.9,0,NULL,NULL),(72,10025,13,'2024-04-01 16:41:45','力传感器超过阈值',2,47.9,0,NULL,NULL),(73,10025,13,'2024-04-01 16:41:47','力传感器超过阈值',2,47.8,0,NULL,NULL),(74,10025,13,'2024-04-01 16:41:48','力传感器超过阈值',2,47.9,0,NULL,NULL),(75,10025,13,'2024-04-01 16:41:50','力传感器超过阈值',2,47.9,0,NULL,NULL),(76,10025,13,'2024-04-01 16:41:51','力传感器超过阈值',2,47.9,0,NULL,NULL),(77,10025,13,'2024-04-01 16:41:53','力传感器超过阈值',2,47.9,0,NULL,NULL),(78,10025,13,'2024-04-01 16:41:54','力传感器超过阈值',2,47.9,0,NULL,NULL),(79,10025,13,'2024-04-01 16:41:56','力传感器超过阈值',2,47.8,0,NULL,NULL),(80,10025,13,'2024-04-01 16:41:57','力传感器超过阈值',2,47.8,0,NULL,NULL),(81,10025,13,'2024-04-01 16:41:59','力传感器超过阈值',2,47.9,0,NULL,NULL),(82,10025,13,'2024-04-01 16:42:00','力传感器超过阈值',2,47.9,0,NULL,NULL),(83,10025,13,'2024-04-01 16:42:02','力传感器超过阈值',2,47.9,0,NULL,NULL),(84,10025,13,'2024-04-01 16:42:04','力传感器超过阈值',2,47.9,0,NULL,NULL),(85,10025,13,'2024-04-01 16:42:05','力传感器超过阈值',2,47.9,0,NULL,NULL),(86,10025,13,'2024-04-01 16:42:07','力传感器超过阈值',2,47.9,0,NULL,NULL),(87,10025,13,'2024-04-01 16:42:08','力传感器超过阈值',2,47.9,0,NULL,NULL),(88,10025,13,'2024-04-01 16:42:10','力传感器超过阈值',2,47.9,0,NULL,NULL),(89,10025,13,'2024-04-01 16:42:11','力传感器超过阈值',2,47.9,0,NULL,NULL),(90,10025,13,'2024-04-01 16:42:13','力传感器超过阈值',2,47.8,0,NULL,NULL),(91,10025,13,'2024-04-01 16:42:14','力传感器超过阈值',2,47.9,0,NULL,NULL),(92,10025,13,'2024-04-01 16:42:16','力传感器超过阈值',2,47.9,0,NULL,NULL),(93,10025,13,'2024-04-01 16:42:17','力传感器超过阈值',2,47.9,0,NULL,NULL),(94,10025,13,'2024-04-01 16:42:19','力传感器超过阈值',2,47.9,0,NULL,NULL),(95,10025,13,'2024-04-01 16:42:20','力传感器超过阈值',2,47.8,0,NULL,NULL),(96,10025,13,'2024-04-01 16:42:22','力传感器超过阈值',2,47.9,0,NULL,NULL),(97,10025,13,'2024-04-01 16:42:24','力传感器超过阈值',2,47.8,0,NULL,NULL),(98,10025,13,'2024-04-01 16:42:25','力传感器超过阈值',2,47.8,0,NULL,NULL),(99,10025,13,'2024-04-01 16:43:56','力传感器超过阈值',2,47.8,0,NULL,NULL),(100,10025,13,'2024-04-01 16:43:58','力传感器超过阈值',2,47.9,0,NULL,NULL),(101,10025,13,'2024-04-01 16:43:59','力传感器超过阈值',2,47.8,0,NULL,NULL),(102,10025,13,'2024-04-01 16:44:01','力传感器超过阈值',2,47.9,0,NULL,NULL),(103,10025,13,'2024-04-01 16:44:03','力传感器超过阈值',2,47.9,0,NULL,NULL),(104,10025,13,'2024-04-01 16:44:04','力传感器超过阈值',2,47.9,0,NULL,NULL),(105,10025,13,'2024-04-01 16:44:06','力传感器超过阈值',2,47.9,0,NULL,NULL),(106,10025,13,'2024-04-01 16:44:07','力传感器超过阈值',2,47.9,0,NULL,NULL),(107,10025,13,'2024-04-01 16:44:09','力传感器超过阈值',2,47.9,0,NULL,NULL),(108,10025,13,'2024-04-01 16:44:10','力传感器超过阈值',2,47.9,0,NULL,NULL),(109,10025,13,'2024-04-01 16:44:12','力传感器超过阈值',2,48,0,NULL,NULL),(110,10025,13,'2024-04-01 16:44:13','力传感器超过阈值',2,47.8,0,NULL,NULL),(111,10025,13,'2024-04-01 16:44:15','力传感器超过阈值',2,48,0,NULL,NULL),(112,10025,13,'2024-04-01 16:44:16','力传感器超过阈值',2,47.9,0,NULL,NULL),(113,10025,13,'2024-04-01 16:44:18','力传感器超过阈值',2,47.8,0,NULL,NULL),(114,10025,13,'2024-04-01 16:44:19','力传感器超过阈值',2,47.8,0,NULL,NULL),(115,10025,13,'2024-04-01 16:44:21','力传感器超过阈值',2,47.9,0,NULL,NULL),(116,10025,13,'2024-04-01 16:44:22','力传感器超过阈值',2,47.9,0,NULL,NULL),(117,10025,13,'2024-04-01 16:44:24','力传感器超过阈值',2,47.9,0,NULL,NULL),(118,10025,13,'2024-04-01 16:44:26','力传感器超过阈值',2,47.9,0,NULL,NULL),(119,10025,13,'2024-04-01 16:44:27','力传感器超过阈值',2,47.9,0,NULL,NULL),(120,10025,13,'2024-04-01 16:44:29','力传感器超过阈值',2,47.9,0,NULL,NULL),(121,10025,13,'2024-04-01 16:44:30','力传感器超过阈值',2,47.9,0,NULL,NULL),(122,10025,13,'2024-04-01 16:44:32','力传感器超过阈值',2,47.9,0,NULL,NULL),(123,10025,13,'2024-04-01 16:44:33','力传感器超过阈值',2,47.9,0,NULL,NULL),(124,10025,13,'2024-04-01 16:44:35','力传感器超过阈值',2,47.9,0,NULL,NULL),(125,10025,13,'2024-04-01 16:44:36','力传感器超过阈值',2,47.9,0,NULL,NULL),(126,10025,13,'2024-04-01 16:44:38','力传感器超过阈值',2,47.9,0,NULL,NULL),(127,10025,13,'2024-04-01 16:44:39','力传感器超过阈值',2,47.8,0,NULL,NULL),(128,10025,13,'2024-04-01 16:44:41','力传感器超过阈值',2,47.9,0,NULL,NULL),(129,10025,13,'2024-04-01 16:44:43','力传感器超过阈值',2,47.8,0,NULL,NULL),(130,10025,13,'2024-04-01 16:44:44','力传感器超过阈值',2,47.8,0,NULL,NULL),(131,10025,13,'2024-04-01 16:44:46','力传感器超过阈值',2,47.9,0,NULL,NULL),(132,10025,13,'2024-04-01 16:44:47','力传感器超过阈值',2,47.8,0,NULL,NULL),(133,10025,13,'2024-04-01 16:44:49','力传感器超过阈值',2,47.9,0,NULL,NULL),(134,10025,13,'2024-04-01 16:44:50','力传感器超过阈值',2,47.8,0,NULL,NULL),(135,10025,13,'2024-04-01 16:44:52','力传感器超过阈值',2,48,0,NULL,NULL),(136,10025,13,'2024-04-01 16:44:53','力传感器超过阈值',2,47.8,0,NULL,NULL),(137,10025,13,'2024-04-01 16:44:55','力传感器超过阈值',2,47.9,0,NULL,NULL),(138,10025,13,'2024-04-01 16:44:56','力传感器超过阈值',2,47.9,0,NULL,NULL),(139,10025,13,'2024-04-01 16:44:58','力传感器超过阈值',2,47.9,0,NULL,NULL),(140,10025,13,'2024-04-01 16:44:59','力传感器超过阈值',2,47.9,0,NULL,NULL),(141,10025,13,'2024-04-01 16:45:01','力传感器超过阈值',2,47.9,0,NULL,NULL),(142,10025,13,'2024-04-01 16:45:02','力传感器超过阈值',2,47.9,0,NULL,NULL),(143,10025,13,'2024-04-01 16:45:04','力传感器超过阈值',2,47.9,0,NULL,NULL),(144,10025,13,'2024-04-01 16:45:06','力传感器超过阈值',2,47.9,0,NULL,NULL),(145,10025,13,'2024-04-01 16:45:07','力传感器超过阈值',2,47.8,0,NULL,NULL),(146,10025,13,'2024-04-01 16:45:09','力传感器超过阈值',2,47.9,0,NULL,NULL),(147,10025,13,'2024-04-01 16:45:10','力传感器超过阈值',2,47.9,0,NULL,NULL),(148,10025,13,'2024-04-01 16:45:12','力传感器超过阈值',2,47.9,0,NULL,NULL),(149,10025,13,'2024-04-01 16:45:13','力传感器超过阈值',2,47.8,0,NULL,NULL),(150,10025,13,'2024-04-01 16:45:15','力传感器超过阈值',2,48,0,NULL,NULL),(151,10025,13,'2024-04-01 16:45:16','力传感器超过阈值',2,47.9,0,NULL,NULL),(152,10025,13,'2024-04-01 16:45:18','力传感器超过阈值',2,47.9,0,NULL,NULL),(153,10025,13,'2024-04-01 16:45:19','力传感器超过阈值',2,48,0,NULL,NULL),(154,10025,13,'2024-04-01 16:45:21','力传感器超过阈值',2,47.9,0,NULL,NULL),(155,10025,13,'2024-04-01 16:45:22','力传感器超过阈值',2,47.9,0,NULL,NULL),(156,10025,13,'2024-04-01 16:45:24','力传感器超过阈值',2,47.9,0,NULL,NULL),(157,10025,13,'2024-04-01 16:45:26','力传感器超过阈值',2,47.9,0,NULL,NULL),(158,10025,13,'2024-04-01 16:45:27','力传感器超过阈值',2,47.9,0,NULL,NULL),(159,10025,13,'2024-04-01 16:45:29','力传感器超过阈值',2,48,0,NULL,NULL),(160,10025,13,'2024-04-01 16:45:30','力传感器超过阈值',2,47.9,0,NULL,NULL),(161,10025,13,'2024-04-01 16:45:32','力传感器超过阈值',2,47.8,0,NULL,NULL),(162,10025,13,'2024-04-01 16:45:33','力传感器超过阈值',2,47.9,0,NULL,NULL),(163,10025,13,'2024-04-01 16:45:35','力传感器超过阈值',2,47.8,0,NULL,NULL),(164,10025,13,'2024-04-01 16:45:36','力传感器超过阈值',2,47.9,0,NULL,NULL),(165,10025,13,'2024-04-01 16:45:38','力传感器超过阈值',2,48,0,NULL,NULL),(166,10025,13,'2024-04-01 16:45:39','力传感器超过阈值',2,47.9,0,NULL,NULL),(167,10025,13,'2024-04-01 16:45:41','力传感器超过阈值',2,47.8,0,NULL,NULL),(168,10025,13,'2024-04-01 16:45:42','力传感器超过阈值',2,47.8,0,NULL,NULL),(169,10025,13,'2024-04-01 16:45:44','力传感器超过阈值',2,48,0,NULL,NULL),(170,10025,13,'2024-04-01 16:45:45','力传感器超过阈值',2,47.9,0,NULL,NULL),(171,10025,13,'2024-04-01 16:45:47','力传感器超过阈值',2,47.9,0,NULL,NULL),(172,10025,13,'2024-04-01 16:45:49','力传感器超过阈值',2,47.8,0,NULL,NULL),(173,10025,13,'2024-04-01 16:45:50','力传感器超过阈值',2,47.8,0,NULL,NULL),(174,10025,13,'2024-04-01 16:45:52','力传感器超过阈值',2,47.9,0,NULL,NULL),(175,10025,13,'2024-04-01 16:45:53','力传感器超过阈值',2,47.9,0,NULL,NULL),(176,10025,13,'2024-04-01 16:45:55','力传感器超过阈值',2,47.9,0,NULL,NULL),(177,10025,13,'2024-04-01 16:45:56','力传感器超过阈值',2,47.9,0,NULL,NULL),(178,10025,13,'2024-04-01 16:45:58','力传感器超过阈值',2,47.9,0,NULL,NULL),(179,10025,13,'2024-04-01 16:45:59','力传感器超过阈值',2,47.8,0,NULL,NULL),(180,10025,13,'2024-04-01 16:46:01','力传感器超过阈值',2,47.9,0,NULL,NULL),(181,10025,13,'2024-04-01 16:46:02','力传感器超过阈值',2,47.9,0,NULL,NULL),(182,10025,13,'2024-04-01 16:46:04','力传感器超过阈值',2,47.8,0,NULL,NULL),(183,10025,13,'2024-04-01 16:46:05','力传感器超过阈值',2,47.9,0,NULL,NULL),(184,10025,13,'2024-04-01 16:46:07','力传感器超过阈值',2,47.9,0,NULL,NULL),(185,10025,13,'2024-04-01 16:46:08','力传感器超过阈值',2,47.9,0,NULL,NULL),(186,10025,13,'2024-04-01 16:46:10','力传感器超过阈值',2,47.8,0,NULL,NULL),(187,10025,13,'2024-04-01 16:46:11','力传感器超过阈值',2,47.8,0,NULL,NULL),(188,10025,13,'2024-04-01 16:46:13','力传感器超过阈值',2,47.9,0,NULL,NULL),(189,10025,13,'2024-04-01 16:46:15','力传感器超过阈值',2,47.9,0,NULL,NULL),(190,10025,13,'2024-04-01 16:46:16','力传感器超过阈值',2,47.9,0,NULL,NULL),(191,10025,13,'2024-04-01 16:46:18','力传感器超过阈值',2,47.9,0,NULL,NULL),(192,10025,13,'2024-04-01 16:46:19','力传感器超过阈值',2,47.8,0,NULL,NULL),(193,10025,13,'2024-04-01 16:46:21','力传感器超过阈值',2,47.9,0,NULL,NULL),(194,10025,13,'2024-04-01 16:46:22','力传感器超过阈值',2,47.9,0,NULL,NULL),(195,10025,13,'2024-04-01 16:46:24','力传感器超过阈值',2,47.8,0,NULL,NULL),(196,10025,13,'2024-04-01 16:46:25','力传感器超过阈值',2,47.9,0,NULL,NULL),(197,10025,13,'2024-04-01 16:46:27','力传感器超过阈值',2,47.8,0,NULL,NULL),(198,10025,13,'2024-04-01 16:46:28','力传感器超过阈值',2,47.9,0,NULL,NULL),(199,10025,13,'2024-04-01 16:46:30','力传感器超过阈值',2,47.9,0,NULL,NULL),(200,10025,13,'2024-04-01 16:46:31','力传感器超过阈值',2,47.9,0,NULL,NULL),(201,10025,13,'2024-04-01 16:46:33','力传感器超过阈值',2,47.9,0,NULL,NULL),(202,10025,13,'2024-04-01 16:46:35','力传感器超过阈值',2,47.9,0,NULL,NULL),(203,10025,13,'2024-04-01 16:46:36','力传感器超过阈值',2,48,0,NULL,NULL),(204,10025,13,'2024-04-01 16:46:38','力传感器超过阈值',2,47.9,0,NULL,NULL),(205,10025,13,'2024-04-01 16:46:39','力传感器超过阈值',2,47.9,0,NULL,NULL),(206,10025,13,'2024-04-01 16:46:41','力传感器超过阈值',2,47.8,0,NULL,NULL),(207,10025,13,'2024-04-01 16:46:42','力传感器超过阈值',2,47.8,0,NULL,NULL),(208,10025,13,'2024-04-01 16:46:44','力传感器超过阈值',2,47.9,0,NULL,NULL),(209,10025,13,'2024-04-01 16:46:45','力传感器超过阈值',2,47.8,0,NULL,NULL),(210,10025,13,'2024-04-01 16:46:47','力传感器超过阈值',2,47.9,0,NULL,NULL),(211,10025,13,'2024-04-01 16:46:48','力传感器超过阈值',2,47.9,0,NULL,NULL),(212,10025,13,'2024-04-01 16:46:50','力传感器超过阈值',2,47.9,0,NULL,NULL),(213,10025,13,'2024-04-01 16:46:51','力传感器超过阈值',2,47.8,0,NULL,NULL),(214,10025,13,'2024-04-01 16:46:53','力传感器超过阈值',2,47.9,0,NULL,NULL),(215,10025,13,'2024-04-01 16:46:55','力传感器超过阈值',2,47.9,0,NULL,NULL),(216,10025,13,'2024-04-01 16:46:56','力传感器超过阈值',2,47.9,0,NULL,NULL),(217,10025,13,'2024-04-01 16:46:58','力传感器超过阈值',2,47.9,0,NULL,NULL),(218,10025,13,'2024-04-01 16:46:59','力传感器超过阈值',2,47.9,0,NULL,NULL),(219,10025,13,'2024-04-01 16:47:01','力传感器超过阈值',2,47.9,0,NULL,NULL),(220,10025,13,'2024-04-01 16:47:02','力传感器超过阈值',2,47.9,0,NULL,NULL),(221,10025,13,'2024-04-01 16:47:04','力传感器超过阈值',2,47.8,0,NULL,NULL),(222,10025,13,'2024-04-01 16:47:05','力传感器超过阈值',2,48,0,NULL,NULL),(223,10025,13,'2024-04-01 16:47:07','力传感器超过阈值',2,47.9,0,NULL,NULL),(224,10025,13,'2024-04-01 16:47:08','力传感器超过阈值',2,47.9,0,NULL,NULL),(225,10025,13,'2024-04-01 16:47:10','力传感器超过阈值',2,47.9,0,NULL,NULL),(226,10025,13,'2024-04-01 16:47:11','力传感器超过阈值',2,47.8,0,NULL,NULL),(227,10025,13,'2024-04-01 16:47:13','力传感器超过阈值',2,47.9,0,NULL,NULL),(228,10025,13,'2024-04-01 16:47:14','力传感器超过阈值',2,47.8,0,NULL,NULL),(229,10025,13,'2024-04-01 16:47:16','力传感器超过阈值',2,47.9,0,NULL,NULL),(230,10025,13,'2024-04-01 16:47:18','力传感器超过阈值',2,47.9,0,NULL,NULL),(231,10025,13,'2024-04-01 16:47:19','力传感器超过阈值',2,47.9,0,NULL,NULL),(232,10025,13,'2024-04-01 16:47:21','力传感器超过阈值',2,47.9,0,NULL,NULL),(233,10025,13,'2024-04-01 16:47:22','力传感器超过阈值',2,47.8,0,NULL,NULL),(234,10025,13,'2024-04-01 16:47:24','力传感器超过阈值',2,47.8,0,NULL,NULL),(235,10025,13,'2024-04-01 16:47:25','力传感器超过阈值',2,47.9,0,NULL,NULL),(236,10025,13,'2024-04-01 16:47:27','力传感器超过阈值',2,47.8,0,NULL,NULL),(237,10025,13,'2024-04-01 16:47:28','力传感器超过阈值',2,47.9,0,NULL,NULL),(238,10025,13,'2024-04-01 16:47:30','力传感器超过阈值',2,47.9,0,NULL,NULL),(239,10025,13,'2024-04-01 16:47:31','力传感器超过阈值',2,47.9,0,NULL,NULL),(240,10025,13,'2024-04-01 16:47:33','力传感器超过阈值',2,47.9,0,NULL,NULL),(241,10025,13,'2024-04-01 16:47:34','力传感器超过阈值',2,47.8,0,NULL,NULL),(242,10025,13,'2024-04-01 16:47:36','力传感器超过阈值',2,47.9,0,NULL,NULL),(243,10025,13,'2024-04-01 16:47:38','力传感器超过阈值',2,47.8,0,NULL,NULL),(244,10025,13,'2024-04-01 16:47:39','力传感器超过阈值',2,47.9,0,NULL,NULL),(245,10025,13,'2024-04-01 16:47:41','力传感器超过阈值',2,47.9,0,NULL,NULL),(246,10025,13,'2024-04-01 16:47:42','力传感器超过阈值',2,47.9,0,NULL,NULL),(247,10025,13,'2024-04-01 16:47:44','力传感器超过阈值',2,47.9,0,NULL,NULL),(248,10025,13,'2024-04-01 16:47:45','力传感器超过阈值',2,47.9,0,NULL,NULL),(249,10025,13,'2024-04-01 16:47:47','力传感器超过阈值',2,47.9,0,NULL,NULL),(250,10025,13,'2024-04-01 16:47:48','力传感器超过阈值',2,47.9,0,NULL,NULL),(251,10025,13,'2024-04-01 16:47:50','力传感器超过阈值',2,47.9,0,NULL,NULL),(252,10025,13,'2024-04-01 16:47:51','力传感器超过阈值',2,47.9,0,NULL,NULL),(253,10025,13,'2024-04-01 16:47:53','力传感器超过阈值',2,47.9,0,NULL,NULL),(254,10025,13,'2024-04-01 16:47:55','力传感器超过阈值',2,47.9,0,NULL,NULL),(255,10025,13,'2024-04-01 16:47:56','力传感器超过阈值',2,47.9,0,NULL,NULL),(256,10025,13,'2024-04-01 16:47:57','力传感器超过阈值',2,47.8,0,NULL,NULL),(257,10025,13,'2024-04-01 16:47:59','力传感器超过阈值',2,47.8,0,NULL,NULL),(258,10025,13,'2024-04-01 16:48:01','力传感器超过阈值',2,47.8,0,NULL,NULL),(259,10025,13,'2024-04-01 16:48:02','力传感器超过阈值',2,47.9,0,NULL,NULL),(260,10025,13,'2024-04-01 16:48:04','力传感器超过阈值',2,47.8,0,NULL,NULL),(261,10025,13,'2024-04-01 16:48:05','力传感器超过阈值',2,48,0,NULL,NULL),(262,10025,13,'2024-04-01 16:48:07','力传感器超过阈值',2,47.9,0,NULL,NULL),(263,10025,13,'2024-04-01 16:48:08','力传感器超过阈值',2,47.9,0,NULL,NULL),(264,10025,13,'2024-04-01 16:48:10','力传感器超过阈值',2,47.9,0,NULL,NULL),(265,10025,13,'2024-04-01 16:48:11','力传感器超过阈值',2,47.8,0,NULL,NULL),(266,10025,13,'2024-04-01 16:48:13','力传感器超过阈值',2,47.9,0,NULL,NULL),(267,10025,13,'2024-04-01 16:48:14','力传感器超过阈值',2,47.9,0,NULL,NULL),(268,10025,13,'2024-04-01 16:48:16','力传感器超过阈值',2,47.9,0,NULL,NULL),(269,10025,13,'2024-04-01 16:48:17','力传感器超过阈值',2,47.9,0,NULL,NULL),(270,10025,13,'2024-04-01 16:48:19','力传感器超过阈值',2,47.9,0,NULL,NULL),(271,10025,13,'2024-04-01 16:48:21','力传感器超过阈值',2,47.8,0,NULL,NULL),(272,10025,13,'2024-04-01 16:48:22','力传感器超过阈值',2,47.9,0,NULL,NULL),(273,10025,13,'2024-04-01 16:48:24','力传感器超过阈值',2,47.8,0,NULL,NULL),(274,10025,13,'2024-04-01 16:48:25','力传感器超过阈值',2,47.8,0,NULL,NULL),(275,10025,13,'2024-04-01 16:48:27','力传感器超过阈值',2,47.8,0,NULL,NULL),(276,10025,13,'2024-04-01 16:48:28','力传感器超过阈值',2,47.9,0,NULL,NULL),(277,10025,13,'2024-04-01 16:48:30','力传感器超过阈值',2,47.9,0,NULL,NULL),(278,10025,13,'2024-04-01 16:48:31','力传感器超过阈值',2,47.9,0,NULL,NULL),(279,10025,13,'2024-04-01 16:48:33','力传感器超过阈值',2,47.8,0,NULL,NULL),(280,10025,13,'2024-04-01 16:48:34','力传感器超过阈值',2,47.9,0,NULL,NULL),(281,10025,13,'2024-04-01 16:48:36','力传感器超过阈值',2,47.8,0,NULL,NULL),(282,10025,13,'2024-04-01 16:48:37','力传感器超过阈值',2,47.9,0,NULL,NULL),(283,10025,13,'2024-04-01 16:48:39','力传感器超过阈值',2,47.9,0,NULL,NULL),(284,10025,13,'2024-04-01 16:48:40','力传感器超过阈值',2,47.9,0,NULL,NULL),(285,10025,13,'2024-04-01 16:48:42','力传感器超过阈值',2,47.9,0,NULL,NULL),(286,10025,13,'2024-04-01 16:48:44','力传感器超过阈值',2,47.9,0,NULL,NULL),(287,10025,13,'2024-04-01 16:48:45','力传感器超过阈值',2,47.9,0,NULL,NULL),(288,10025,13,'2024-04-01 16:48:47','力传感器超过阈值',2,47.9,0,NULL,NULL),(289,10025,13,'2024-04-01 16:48:48','力传感器超过阈值',2,47.9,0,NULL,NULL),(290,10025,13,'2024-04-01 16:48:50','力传感器超过阈值',2,47.9,0,NULL,NULL),(291,10025,13,'2024-04-01 16:48:51','力传感器超过阈值',2,47.9,0,NULL,NULL),(292,10025,13,'2024-04-01 16:48:53','力传感器超过阈值',2,47.9,0,NULL,NULL),(293,10025,13,'2024-04-01 16:48:54','力传感器超过阈值',2,47.9,0,NULL,NULL),(294,10025,13,'2024-04-01 16:48:56','力传感器超过阈值',2,47.9,0,NULL,NULL),(295,10025,13,'2024-04-01 16:48:57','力传感器超过阈值',2,47.9,0,NULL,NULL),(296,10025,13,'2024-04-01 16:48:59','力传感器超过阈值',2,47.8,0,NULL,NULL),(297,10025,13,'2024-04-01 16:49:00','力传感器超过阈值',2,47.8,0,NULL,NULL),(298,10025,13,'2024-04-01 16:49:02','力传感器超过阈值',2,47.9,0,NULL,NULL),(299,10025,13,'2024-04-01 16:49:03','力传感器超过阈值',2,47.9,0,NULL,NULL),(300,10025,13,'2024-04-01 16:49:05','力传感器超过阈值',2,47.8,0,NULL,NULL),(301,10025,13,'2024-04-01 16:49:07','力传感器超过阈值',2,47.9,0,NULL,NULL),(302,10025,13,'2024-04-01 16:49:08','力传感器超过阈值',2,47.8,0,NULL,NULL),(303,10025,13,'2024-04-01 16:49:10','力传感器超过阈值',2,47.9,0,NULL,NULL),(304,10025,13,'2024-04-01 16:49:11','力传感器超过阈值',2,47.9,0,NULL,NULL),(305,10025,13,'2024-04-01 16:49:13','力传感器超过阈值',2,47.9,0,NULL,NULL),(306,10025,13,'2024-04-01 16:49:14','力传感器超过阈值',2,47.8,0,NULL,NULL),(307,10025,13,'2024-04-01 16:49:16','力传感器超过阈值',2,47.8,0,NULL,NULL),(308,10025,13,'2024-04-01 16:49:17','力传感器超过阈值',2,47.9,0,NULL,NULL),(309,10025,13,'2024-04-01 16:49:19','力传感器超过阈值',2,47.9,0,NULL,NULL),(310,10025,13,'2024-04-01 16:49:20','力传感器超过阈值',2,47.8,0,NULL,NULL),(311,10025,13,'2024-04-01 16:49:22','力传感器超过阈值',2,47.9,0,NULL,NULL),(312,10025,13,'2024-04-01 16:49:23','力传感器超过阈值',2,47.9,0,NULL,NULL),(313,10025,13,'2024-04-01 16:49:25','力传感器超过阈值',2,47.9,0,NULL,NULL),(314,10025,13,'2024-04-01 16:49:27','力传感器超过阈值',2,47.8,0,NULL,NULL),(315,10025,13,'2024-04-01 16:49:28','力传感器超过阈值',2,47.9,0,NULL,NULL),(316,10025,13,'2024-04-01 16:49:30','力传感器超过阈值',2,48,0,NULL,NULL),(317,10025,13,'2024-04-01 16:49:31','力传感器超过阈值',2,47.9,0,NULL,NULL),(318,10025,13,'2024-04-01 16:49:33','力传感器超过阈值',2,47.8,0,NULL,NULL),(319,10025,13,'2024-04-01 16:49:34','力传感器超过阈值',2,47.9,0,NULL,NULL),(320,10025,13,'2024-04-01 16:49:36','力传感器超过阈值',2,47.8,0,NULL,NULL),(321,10025,13,'2024-04-01 16:49:37','力传感器超过阈值',2,47.9,0,NULL,NULL),(322,10025,13,'2024-04-01 16:49:39','力传感器超过阈值',2,47.9,0,NULL,NULL),(323,10025,13,'2024-04-01 16:49:40','力传感器超过阈值',2,47.9,0,NULL,NULL),(324,10025,13,'2024-04-01 16:49:42','力传感器超过阈值',2,47.9,0,NULL,NULL),(325,10025,13,'2024-04-01 16:49:43','力传感器超过阈值',2,47.9,0,NULL,NULL),(326,10025,13,'2024-04-01 16:49:45','力传感器超过阈值',2,47.9,0,NULL,NULL),(327,10025,13,'2024-04-01 16:49:46','力传感器超过阈值',2,47.9,0,NULL,NULL),(328,10025,13,'2024-04-01 16:49:48','力传感器超过阈值',2,47.9,0,NULL,NULL),(329,10025,13,'2024-04-01 16:49:50','力传感器超过阈值',2,47.8,0,NULL,NULL),(330,10025,13,'2024-04-01 16:49:51','力传感器超过阈值',2,47.8,0,NULL,NULL),(331,10025,13,'2024-04-01 16:49:53','力传感器超过阈值',2,47.9,0,NULL,NULL),(332,10025,13,'2024-04-01 16:49:54','力传感器超过阈值',2,47.8,0,NULL,NULL),(333,10025,13,'2024-04-01 16:49:56','力传感器超过阈值',2,47.9,0,NULL,NULL),(334,10025,13,'2024-04-01 16:49:57','力传感器超过阈值',2,47.9,0,NULL,NULL),(335,10025,13,'2024-04-01 16:49:59','力传感器超过阈值',2,47.9,0,NULL,NULL),(336,10025,13,'2024-04-01 16:50:00','力传感器超过阈值',2,47.9,0,NULL,NULL),(337,10025,13,'2024-04-01 16:50:02','力传感器超过阈值',2,47.9,0,NULL,NULL),(338,10025,13,'2024-04-01 16:50:03','力传感器超过阈值',2,47.9,0,NULL,NULL),(339,10025,13,'2024-04-01 16:50:05','力传感器超过阈值',2,47.9,0,NULL,NULL),(340,10025,13,'2024-04-01 16:50:07','力传感器超过阈值',2,47.9,0,NULL,NULL),(341,10025,13,'2024-04-01 16:50:08','力传感器超过阈值',2,47.9,0,NULL,NULL),(342,10025,13,'2024-04-01 16:50:10','力传感器超过阈值',2,47.9,0,NULL,NULL),(343,10025,13,'2024-04-01 16:50:11','力传感器超过阈值',2,47.9,0,NULL,NULL),(344,10025,13,'2024-04-01 16:50:13','力传感器超过阈值',2,47.9,0,NULL,NULL),(345,10025,13,'2024-04-01 16:50:14','力传感器超过阈值',2,47.8,0,NULL,NULL),(346,10025,13,'2024-04-01 16:50:16','力传感器超过阈值',2,47.9,0,NULL,NULL),(347,10025,13,'2024-04-01 16:50:17','力传感器超过阈值',2,47.9,0,NULL,NULL),(348,10025,13,'2024-04-01 16:50:19','力传感器超过阈值',2,47.9,0,NULL,NULL),(349,10025,13,'2024-04-01 16:50:20','力传感器超过阈值',2,47.8,0,NULL,NULL),(350,10025,13,'2024-04-01 16:50:22','力传感器超过阈值',2,47.8,0,NULL,NULL),(351,10025,13,'2024-04-01 16:50:23','力传感器超过阈值',2,47.9,0,NULL,NULL),(352,10025,13,'2024-04-01 16:50:25','力传感器超过阈值',2,47.8,0,NULL,NULL),(353,10025,13,'2024-04-01 16:50:26','力传感器超过阈值',2,47.9,0,NULL,NULL),(354,10025,13,'2024-04-01 16:50:28','力传感器超过阈值',2,47.9,0,NULL,NULL),(355,10025,13,'2024-04-01 16:50:30','力传感器超过阈值',2,47.9,0,NULL,NULL),(356,10025,13,'2024-04-01 16:50:31','力传感器超过阈值',2,47.9,0,NULL,NULL),(357,10025,13,'2024-04-01 16:50:33','力传感器超过阈值',2,47.9,0,NULL,NULL),(358,10025,13,'2024-04-01 16:50:34','力传感器超过阈值',2,47.9,0,NULL,NULL),(359,10025,13,'2024-04-01 16:50:36','力传感器超过阈值',2,47.9,0,NULL,NULL),(360,10025,13,'2024-04-01 16:50:37','力传感器超过阈值',2,47.8,0,NULL,NULL),(361,10025,13,'2024-04-01 16:50:39','力传感器超过阈值',2,47.9,0,NULL,NULL),(362,10025,13,'2024-04-01 16:50:40','力传感器超过阈值',2,47.9,0,NULL,NULL),(363,10025,13,'2024-04-01 16:50:42','力传感器超过阈值',2,47.9,0,NULL,NULL),(364,10025,13,'2024-04-01 16:50:43','力传感器超过阈值',2,47.9,0,NULL,NULL),(365,10025,13,'2024-04-01 16:50:45','力传感器超过阈值',2,47.8,0,NULL,NULL),(366,10025,13,'2024-04-01 16:50:46','力传感器超过阈值',2,47.9,0,NULL,NULL),(367,10025,13,'2024-04-01 16:50:48','力传感器超过阈值',2,47.9,0,NULL,NULL),(368,10025,13,'2024-04-01 16:50:50','力传感器超过阈值',2,47.9,0,NULL,NULL),(369,10025,13,'2024-04-01 16:50:51','力传感器超过阈值',2,47.9,0,NULL,NULL),(370,10025,13,'2024-04-01 16:50:53','力传感器超过阈值',2,47.9,0,NULL,NULL),(371,10025,13,'2024-04-01 16:50:54','力传感器超过阈值',2,47.9,0,NULL,NULL),(372,10025,13,'2024-04-01 16:50:56','力传感器超过阈值',2,47.9,0,NULL,NULL),(373,10025,13,'2024-04-01 16:53:58','力传感器超过阈值',2,47.9,0,NULL,NULL),(374,10025,13,'2024-04-01 16:54:00','力传感器超过阈值',2,47.9,0,NULL,NULL),(375,10025,13,'2024-04-01 16:54:01','力传感器超过阈值',2,47.9,0,NULL,NULL),(376,10025,13,'2024-04-01 16:54:03','力传感器超过阈值',2,47.9,0,NULL,NULL),(377,10025,13,'2024-04-03 15:08:43','力传感器超过阈值',2,23.1,0,NULL,NULL),(378,10025,13,'2024-04-03 15:08:45','力传感器超过阈值',2,33.2,0,NULL,NULL),(379,10025,13,'2024-04-03 15:08:46','力传感器超过阈值',2,34.4,0,NULL,NULL),(380,10025,13,'2024-04-03 15:08:48','力传感器超过阈值',2,34.4,0,NULL,NULL),(381,10025,13,'2024-04-03 15:08:50','力传感器超过阈值',2,34.4,0,NULL,NULL),(382,10025,13,'2024-04-03 15:08:51','力传感器超过阈值',2,34.5,0,NULL,NULL),(383,10025,13,'2024-04-03 15:08:53','力传感器超过阈值',2,34.4,0,NULL,NULL),(384,10025,13,'2024-04-03 15:08:54','力传感器超过阈值',2,34.5,0,NULL,NULL),(385,10025,13,'2024-04-03 15:08:56','力传感器超过阈值',2,34.4,0,NULL,NULL),(386,10025,13,'2024-04-03 15:08:57','力传感器超过阈值',2,34.5,0,NULL,NULL),(387,10025,13,'2024-04-03 15:08:59','力传感器超过阈值',2,34.4,0,NULL,NULL),(388,10025,13,'2024-04-03 15:09:00','力传感器超过阈值',2,34.3,0,NULL,NULL),(389,10025,13,'2024-04-03 15:09:02','力传感器超过阈值',2,34.4,0,NULL,NULL),(390,10025,13,'2024-04-03 15:09:03','力传感器超过阈值',2,34.4,0,NULL,NULL),(391,10025,13,'2024-04-03 15:09:05','力传感器超过阈值',2,34.4,0,NULL,NULL),(392,10025,13,'2024-04-03 15:09:06','力传感器超过阈值',2,34.5,0,NULL,NULL),(393,10025,13,'2024-04-03 15:09:08','力传感器超过阈值',2,34.4,0,NULL,NULL),(394,10025,13,'2024-04-03 15:09:09','力传感器超过阈值',2,34.5,0,NULL,NULL),(395,10025,13,'2024-04-03 15:09:11','力传感器超过阈值',2,34.4,0,NULL,NULL),(396,10025,13,'2024-04-03 15:09:13','力传感器超过阈值',2,34.5,0,NULL,NULL),(397,10025,13,'2024-04-03 15:09:14','力传感器超过阈值',2,34.4,0,NULL,NULL),(398,10025,13,'2024-04-03 15:09:16','力传感器超过阈值',2,34.4,0,NULL,NULL),(399,10025,13,'2024-04-03 15:09:17','力传感器超过阈值',2,34.4,0,NULL,NULL),(400,10025,13,'2024-04-03 15:09:19','力传感器超过阈值',2,34.4,0,NULL,NULL),(401,10025,13,'2024-04-03 15:09:20','力传感器超过阈值',2,34.4,0,NULL,NULL),(402,10025,13,'2024-04-03 15:09:22','力传感器超过阈值',2,34.4,0,NULL,NULL),(403,10025,13,'2024-04-03 15:09:23','力传感器超过阈值',2,34.4,0,NULL,NULL),(404,10025,13,'2024-04-03 15:09:25','力传感器超过阈值',2,34.4,0,NULL,NULL),(405,10025,13,'2024-04-03 15:09:26','力传感器超过阈值',2,34.4,0,NULL,NULL),(406,10025,13,'2024-04-03 15:09:28','力传感器超过阈值',2,34.4,0,NULL,NULL),(407,10025,13,'2024-04-03 15:09:29','力传感器超过阈值',2,34.4,0,NULL,NULL),(408,10025,13,'2024-04-03 15:09:31','力传感器超过阈值',2,34.4,0,NULL,NULL),(409,10025,13,'2024-04-03 15:09:32','力传感器超过阈值',2,34.4,0,NULL,NULL),(410,10025,13,'2024-04-03 15:09:34','力传感器超过阈值',2,34.4,0,NULL,NULL),(411,10025,13,'2024-04-03 15:09:36','力传感器超过阈值',2,34.4,0,NULL,NULL),(412,10025,13,'2024-04-03 15:09:37','力传感器超过阈值',2,34.4,0,NULL,NULL),(413,10025,13,'2024-04-03 15:09:39','力传感器超过阈值',2,34.4,0,NULL,NULL),(414,10025,13,'2024-04-03 15:09:40','力传感器超过阈值',2,34.4,0,NULL,NULL),(415,10025,13,'2024-04-03 15:09:42','力传感器超过阈值',2,34.4,0,NULL,NULL),(416,10025,13,'2024-04-03 15:09:43','力传感器超过阈值',2,34.4,0,NULL,NULL),(417,10025,13,'2024-04-03 15:09:45','力传感器超过阈值',2,34.4,0,NULL,NULL),(418,10025,13,'2024-04-03 15:09:46','力传感器超过阈值',2,34.4,0,NULL,NULL),(419,10025,13,'2024-04-03 15:09:48','力传感器超过阈值',2,34.4,0,NULL,NULL),(420,10025,13,'2024-04-03 15:09:49','力传感器超过阈值',2,34.4,0,NULL,NULL),(421,10025,13,'2024-04-03 15:09:51','力传感器超过阈值',2,34.3,0,NULL,NULL),(422,10025,13,'2024-04-03 15:09:53','力传感器超过阈值',2,34.4,0,NULL,NULL),(423,10025,13,'2024-04-03 15:09:54','力传感器超过阈值',2,34.4,0,NULL,NULL),(424,10025,13,'2024-04-03 15:09:56','力传感器超过阈值',2,34.4,0,NULL,NULL),(425,10025,13,'2024-04-03 15:44:31','力传感器超过阈值',2,47.9,0,NULL,NULL),(426,10025,13,'2024-04-03 15:44:33','力传感器超过阈值',2,47.9,0,NULL,NULL),(427,10025,13,'2024-04-03 15:44:34','力传感器超过阈值',2,47.9,0,NULL,NULL),(428,10025,13,'2024-04-03 15:44:36','力传感器超过阈值',2,47.9,0,NULL,NULL),(429,10025,13,'2024-04-03 15:44:37','力传感器超过阈值',2,47.8,0,NULL,NULL),(430,10025,13,'2024-04-03 15:44:39','力传感器超过阈值',2,47.9,0,NULL,NULL),(431,10025,13,'2024-04-03 15:44:40','力传感器超过阈值',2,47.8,0,NULL,NULL),(432,10025,13,'2024-04-03 15:44:42','力传感器超过阈值',2,47.9,0,NULL,NULL),(433,10025,13,'2024-04-03 15:44:44','力传感器超过阈值',2,47.9,0,NULL,NULL),(434,10025,13,'2024-04-03 15:44:45','力传感器超过阈值',2,47.9,0,NULL,NULL),(435,10025,13,'2024-04-03 15:44:47','力传感器超过阈值',2,47.9,0,NULL,NULL),(436,10025,13,'2024-04-03 15:44:48','力传感器超过阈值',2,47.9,0,NULL,NULL),(437,10025,13,'2024-04-03 15:44:50','力传感器超过阈值',2,47.9,0,NULL,NULL),(438,10025,13,'2024-04-03 15:44:51','力传感器超过阈值',2,47.9,0,NULL,NULL),(439,10025,13,'2024-04-03 15:44:53','力传感器超过阈值',2,47.9,0,NULL,NULL),(440,10025,13,'2024-04-03 15:44:54','力传感器超过阈值',2,47.9,0,NULL,NULL),(441,10025,13,'2024-04-03 15:44:56','力传感器超过阈值',2,47.9,0,NULL,NULL),(442,10025,13,'2024-04-03 15:44:57','力传感器超过阈值',2,47.8,0,NULL,NULL),(443,10025,13,'2024-04-03 15:44:59','力传感器超过阈值',2,47.9,0,NULL,NULL),(444,10025,13,'2024-04-03 15:45:00','力传感器超过阈值',2,47.8,0,NULL,NULL),(445,10025,13,'2024-04-03 15:45:02','力传感器超过阈值',2,47.9,0,NULL,NULL),(446,10025,13,'2024-04-03 15:45:04','力传感器超过阈值',2,47.9,0,NULL,NULL),(447,10025,13,'2024-04-03 15:45:05','力传感器超过阈值',2,47.9,0,NULL,NULL),(448,10025,13,'2024-04-03 15:45:07','力传感器超过阈值',2,47.9,0,NULL,NULL),(449,10025,13,'2024-04-03 15:45:08','力传感器超过阈值',2,47.9,0,NULL,NULL),(450,10025,13,'2024-04-03 15:45:10','力传感器超过阈值',2,47.9,0,NULL,NULL),(451,10025,13,'2024-04-03 15:45:11','力传感器超过阈值',2,47.9,0,NULL,NULL),(452,10025,13,'2024-04-03 15:45:13','力传感器超过阈值',2,47.9,0,NULL,NULL),(453,10025,13,'2024-04-03 15:45:14','力传感器超过阈值',2,47.9,0,NULL,NULL),(454,10025,13,'2024-04-03 15:45:16','力传感器超过阈值',2,47.9,0,NULL,NULL),(455,10025,13,'2024-04-03 15:45:17','力传感器超过阈值',2,47.9,0,NULL,NULL),(456,10025,13,'2024-04-03 15:45:19','力传感器超过阈值',2,47.9,0,NULL,NULL),(457,10025,13,'2024-04-03 15:45:20','力传感器超过阈值',2,47.9,0,NULL,NULL),(458,10025,13,'2024-04-03 15:45:22','力传感器超过阈值',2,47.9,0,NULL,NULL),(459,10025,13,'2024-04-03 15:45:23','力传感器超过阈值',2,48,0,NULL,NULL),(460,10025,13,'2024-04-03 15:45:25','力传感器超过阈值',2,47.9,0,NULL,NULL),(461,10025,13,'2024-04-03 15:45:27','力传感器超过阈值',2,48,0,NULL,NULL),(462,10025,13,'2024-04-03 15:45:28','力传感器超过阈值',2,47.7,0,NULL,NULL),(463,10025,13,'2024-04-03 15:45:30','力传感器超过阈值',2,47.9,0,NULL,NULL),(464,10025,13,'2024-04-03 15:45:31','力传感器超过阈值',2,47.9,0,NULL,NULL),(465,10025,13,'2024-04-03 15:45:33','力传感器超过阈值',2,47.9,0,NULL,NULL),(466,10025,13,'2024-04-03 15:45:34','力传感器超过阈值',2,47.9,0,NULL,NULL),(467,10025,13,'2024-04-03 15:45:36','力传感器超过阈值',2,47.9,0,NULL,NULL),(468,10025,13,'2024-04-03 15:45:37','力传感器超过阈值',2,47.9,0,NULL,NULL),(469,10025,13,'2024-04-03 15:45:39','力传感器超过阈值',2,47.9,0,NULL,NULL),(470,10025,13,'2024-04-03 15:45:40','力传感器超过阈值',2,47.9,0,NULL,NULL),(471,10025,13,'2024-04-03 15:45:42','力传感器超过阈值',2,48,0,NULL,NULL),(472,10025,13,'2024-04-03 15:45:43','力传感器超过阈值',2,47.9,0,NULL,NULL),(473,10025,13,'2024-04-03 15:45:45','力传感器超过阈值',2,47.9,0,NULL,NULL),(474,10025,13,'2024-04-03 15:45:47','力传感器超过阈值',2,47.9,0,NULL,NULL),(475,10025,13,'2024-04-03 15:45:48','力传感器超过阈值',2,47.9,0,NULL,NULL),(476,10025,13,'2024-04-03 15:45:50','力传感器超过阈值',2,47.9,0,NULL,NULL),(477,10025,13,'2024-04-03 15:45:51','力传感器超过阈值',2,47.8,0,NULL,NULL),(478,10025,13,'2024-04-03 15:45:53','力传感器超过阈值',2,47.9,0,NULL,NULL),(479,10025,13,'2024-04-03 15:45:54','力传感器超过阈值',2,47.9,0,NULL,NULL),(480,10025,13,'2024-04-03 15:45:56','力传感器超过阈值',2,47.9,0,NULL,NULL),(481,10025,13,'2024-04-03 15:45:57','力传感器超过阈值',2,47.8,0,NULL,NULL),(482,10025,13,'2024-04-03 15:45:59','力传感器超过阈值',2,47.9,0,NULL,NULL),(483,10025,13,'2024-04-03 15:46:00','力传感器超过阈值',2,47.9,0,NULL,NULL),(484,10025,13,'2024-04-03 15:46:02','力传感器超过阈值',2,47.9,0,NULL,NULL),(485,10025,13,'2024-04-03 15:46:03','力传感器超过阈值',2,47.9,0,NULL,NULL),(486,10025,13,'2024-04-03 15:46:05','力传感器超过阈值',2,47.9,0,NULL,NULL),(487,10025,13,'2024-04-03 15:46:06','力传感器超过阈值',2,47.9,0,NULL,NULL),(488,10025,13,'2024-04-03 15:46:08','力传感器超过阈值',2,47.9,0,NULL,NULL),(489,10025,13,'2024-04-03 15:46:10','力传感器超过阈值',2,47.9,0,NULL,NULL),(490,10025,13,'2024-04-03 15:46:11','力传感器超过阈值',2,47.9,0,NULL,NULL),(491,10025,13,'2024-04-03 15:46:13','力传感器超过阈值',2,47.9,0,NULL,NULL),(492,10025,13,'2024-04-03 15:46:14','力传感器超过阈值',2,47.9,0,NULL,NULL),(493,10025,13,'2024-04-03 15:46:16','力传感器超过阈值',2,47.9,0,NULL,NULL),(494,10025,13,'2024-04-03 15:46:17','力传感器超过阈值',2,47.9,0,NULL,NULL),(495,10025,13,'2024-04-03 15:46:19','力传感器超过阈值',2,47.9,0,NULL,NULL),(496,10025,13,'2024-04-03 15:46:20','力传感器超过阈值',2,47.9,0,NULL,NULL),(497,10025,13,'2024-04-03 15:46:22','力传感器超过阈值',2,47.9,0,NULL,NULL),(498,10025,13,'2024-04-03 15:46:23','力传感器超过阈值',2,47.9,0,NULL,NULL),(499,10025,13,'2024-04-03 15:46:25','力传感器超过阈值',2,47.9,0,NULL,NULL),(500,10025,13,'2024-04-03 15:46:26','力传感器超过阈值',2,47.9,0,NULL,NULL),(501,10025,13,'2024-04-03 15:46:28','力传感器超过阈值',2,47.9,0,NULL,NULL),(502,10025,13,'2024-04-03 15:46:30','力传感器超过阈值',2,47.9,0,NULL,NULL),(503,10025,13,'2024-04-03 15:46:31','力传感器超过阈值',2,47.9,0,NULL,NULL),(504,10025,13,'2024-04-03 15:46:33','力传感器超过阈值',2,47.9,0,NULL,NULL),(505,10025,13,'2024-04-03 15:46:34','力传感器超过阈值',2,47.9,0,NULL,NULL),(506,10025,13,'2024-04-03 15:46:36','力传感器超过阈值',2,47.9,0,NULL,NULL),(507,10025,13,'2024-04-03 15:46:37','力传感器超过阈值',2,47.9,0,NULL,NULL),(508,10025,13,'2024-04-03 15:46:39','力传感器超过阈值',2,47.9,0,NULL,NULL),(509,10025,13,'2024-04-03 15:46:40','力传感器超过阈值',2,47.9,0,NULL,NULL),(510,10025,13,'2024-04-03 15:46:42','力传感器超过阈值',2,47.9,0,NULL,NULL),(511,10025,13,'2024-04-03 15:46:43','力传感器超过阈值',2,47.8,0,NULL,NULL),(512,10025,13,'2024-04-03 15:46:45','力传感器超过阈值',2,47.9,0,NULL,NULL),(513,10025,13,'2024-04-03 15:46:46','力传感器超过阈值',2,47.9,0,NULL,NULL),(514,10025,13,'2024-04-03 15:46:48','力传感器超过阈值',2,47.9,0,NULL,NULL),(515,10025,13,'2024-04-03 15:46:49','力传感器超过阈值',2,47.9,0,NULL,NULL),(516,10025,13,'2024-04-03 15:46:51','力传感器超过阈值',2,47.9,0,NULL,NULL),(517,10025,13,'2024-04-03 15:46:52','力传感器超过阈值',2,47.9,0,NULL,NULL),(518,10025,13,'2024-04-03 15:46:54','力传感器超过阈值',2,47.9,0,NULL,NULL),(519,10025,13,'2024-04-03 15:46:56','力传感器超过阈值',2,47.9,0,NULL,NULL),(520,10025,13,'2024-04-03 15:46:57','力传感器超过阈值',2,47.8,0,NULL,NULL),(521,10025,13,'2024-04-03 15:46:59','力传感器超过阈值',2,47.9,0,NULL,NULL),(522,10025,13,'2024-04-03 15:47:00','力传感器超过阈值',2,47.9,0,NULL,NULL),(523,10025,13,'2024-04-03 15:47:02','力传感器超过阈值',2,47.9,0,NULL,NULL),(524,10025,13,'2024-04-03 15:47:03','力传感器超过阈值',2,47.8,0,NULL,NULL),(525,10025,13,'2024-04-03 15:47:05','力传感器超过阈值',2,47.8,0,NULL,NULL),(526,10025,13,'2024-04-03 15:47:06','力传感器超过阈值',2,47.9,0,NULL,NULL),(527,10025,13,'2024-04-03 15:47:08','力传感器超过阈值',2,47.8,0,NULL,NULL),(528,10025,13,'2024-04-03 15:47:09','力传感器超过阈值',2,48,0,NULL,NULL),(529,10025,13,'2024-04-03 15:47:11','力传感器超过阈值',2,47.9,0,NULL,NULL),(530,10025,13,'2024-04-03 15:47:13','力传感器超过阈值',2,48,0,NULL,NULL),(531,10025,13,'2024-04-03 15:47:49','力传感器超过阈值',2,47.8,0,NULL,NULL),(532,10025,13,'2024-04-03 15:47:50','力传感器超过阈值',2,47.9,0,NULL,NULL),(533,10025,13,'2024-04-03 15:47:52','力传感器超过阈值',2,47.9,0,NULL,NULL),(534,10025,13,'2024-04-03 15:47:53','力传感器超过阈值',2,47.9,0,NULL,NULL),(535,10025,13,'2024-04-03 15:47:55','力传感器超过阈值',2,47.9,0,NULL,NULL),(536,10025,13,'2024-04-03 15:47:56','力传感器超过阈值',2,47.9,0,NULL,NULL),(537,10025,13,'2024-04-03 15:47:58','力传感器超过阈值',2,47.9,0,NULL,NULL),(538,10025,13,'2024-04-03 15:47:59','力传感器超过阈值',2,47.9,0,NULL,NULL),(539,10025,13,'2024-04-03 15:48:01','力传感器超过阈值',2,47.8,0,NULL,NULL),(540,10025,13,'2024-04-03 15:48:02','力传感器超过阈值',2,47.8,0,NULL,NULL),(541,10025,13,'2024-04-03 15:48:04','力传感器超过阈值',2,47.9,0,NULL,NULL),(542,10025,13,'2024-04-03 15:48:05','力传感器超过阈值',2,47.9,0,NULL,NULL),(543,10025,13,'2024-04-03 15:48:07','力传感器超过阈值',2,47.9,0,NULL,NULL),(544,10025,13,'2024-04-03 15:48:09','力传感器超过阈值',2,47.9,0,NULL,NULL),(545,10025,13,'2024-04-03 15:48:10','力传感器超过阈值',2,47.9,0,NULL,NULL),(546,10025,13,'2024-04-03 15:48:12','力传感器超过阈值',2,47.9,0,NULL,NULL),(547,10025,13,'2024-04-03 15:48:13','力传感器超过阈值',2,47.8,0,NULL,NULL),(548,10025,13,'2024-04-03 15:48:15','力传感器超过阈值',2,47.9,0,NULL,NULL),(549,10025,13,'2024-04-03 15:48:16','力传感器超过阈值',2,47.9,0,NULL,NULL),(550,10025,13,'2024-04-03 15:48:18','力传感器超过阈值',2,47.9,0,NULL,NULL),(551,10025,13,'2024-04-03 15:48:19','力传感器超过阈值',2,47.9,0,NULL,NULL),(552,10025,13,'2024-04-03 15:48:21','力传感器超过阈值',2,47.9,0,NULL,NULL),(553,10025,13,'2024-04-03 15:48:22','力传感器超过阈值',2,47.9,0,NULL,NULL),(554,10025,13,'2024-04-03 15:48:24','力传感器超过阈值',2,47.9,0,NULL,NULL),(555,10025,13,'2024-04-03 15:48:25','力传感器超过阈值',2,47.9,0,NULL,NULL),(556,10025,13,'2024-04-03 15:48:27','力传感器超过阈值',2,47.9,0,NULL,NULL),(557,10025,13,'2024-04-03 15:48:28','力传感器超过阈值',2,47.9,0,NULL,NULL),(558,10025,13,'2024-04-03 15:48:30','力传感器超过阈值',2,47.9,0,NULL,NULL),(559,10025,13,'2024-04-03 15:48:32','力传感器超过阈值',2,47.9,0,NULL,NULL),(560,10025,13,'2024-04-03 15:48:33','力传感器超过阈值',2,47.9,0,NULL,NULL),(561,10025,13,'2024-04-03 15:48:35','力传感器超过阈值',2,47.9,0,NULL,NULL),(562,10025,13,'2024-04-03 15:48:36','力传感器超过阈值',2,47.9,0,NULL,NULL),(563,10025,13,'2024-04-03 15:48:38','力传感器超过阈值',2,47.9,0,NULL,NULL),(564,10025,13,'2024-04-03 15:48:39','力传感器超过阈值',2,47.9,0,NULL,NULL),(565,10025,13,'2024-04-03 15:48:41','力传感器超过阈值',2,47.9,0,NULL,NULL),(566,10025,13,'2024-04-03 15:48:42','力传感器超过阈值',2,47.9,0,NULL,NULL),(567,10025,13,'2024-04-03 15:48:44','力传感器超过阈值',2,47.9,0,NULL,NULL),(568,10025,13,'2024-04-03 15:48:45','力传感器超过阈值',2,47.9,0,NULL,NULL),(569,10025,13,'2024-04-03 15:48:47','力传感器超过阈值',2,47.9,0,NULL,NULL),(570,10025,13,'2024-04-03 15:48:48','力传感器超过阈值',2,47.8,0,NULL,NULL),(571,10025,13,'2024-04-03 15:51:55','力传感器超过阈值',2,47.9,0,NULL,NULL),(572,10025,13,'2024-04-03 15:51:56','力传感器超过阈值',2,47.9,0,NULL,NULL),(573,10025,13,'2024-04-03 15:51:58','力传感器超过阈值',2,48,0,NULL,NULL),(574,10025,13,'2024-04-03 15:51:59','力传感器超过阈值',2,47.9,0,NULL,NULL),(575,10025,13,'2024-04-03 15:52:01','力传感器超过阈值',2,47.9,0,NULL,NULL),(576,10025,13,'2024-04-03 15:52:02','力传感器超过阈值',2,47.9,0,NULL,NULL),(577,10025,13,'2024-04-03 15:52:04','力传感器超过阈值',2,47.8,0,NULL,NULL),(578,10025,13,'2024-04-03 15:52:05','力传感器超过阈值',2,47.9,0,NULL,NULL),(579,10025,13,'2024-04-03 15:52:07','力传感器超过阈值',2,47.9,0,NULL,NULL),(580,10025,13,'2024-04-03 15:52:08','力传感器超过阈值',2,47.9,0,NULL,NULL),(581,10025,13,'2024-04-03 15:52:10','力传感器超过阈值',2,47.9,0,NULL,NULL),(582,10025,13,'2024-04-03 15:52:12','力传感器超过阈值',2,47.9,0,NULL,NULL),(583,10025,13,'2024-04-03 15:52:13','力传感器超过阈值',2,47.9,0,NULL,NULL),(584,10025,13,'2024-04-03 15:52:15','力传感器超过阈值',2,47.9,0,NULL,NULL),(585,10025,13,'2024-04-03 15:52:16','力传感器超过阈值',2,47.9,0,NULL,NULL),(586,10025,13,'2024-04-03 15:52:18','力传感器超过阈值',2,47.9,0,NULL,NULL),(587,10025,13,'2024-04-03 15:52:19','力传感器超过阈值',2,47.9,0,NULL,NULL),(588,10025,13,'2024-04-03 15:52:21','力传感器超过阈值',2,47.9,0,NULL,NULL),(589,10025,13,'2024-04-03 15:52:22','力传感器超过阈值',2,47.9,0,NULL,NULL),(590,10025,13,'2024-04-03 15:52:24','力传感器超过阈值',2,47.9,0,NULL,NULL),(591,10025,13,'2024-04-03 15:52:25','力传感器超过阈值',2,47.9,0,NULL,NULL),(592,10025,13,'2024-04-03 15:52:27','力传感器超过阈值',2,47.9,0,NULL,NULL),(593,10025,13,'2024-04-03 15:52:28','力传感器超过阈值',2,47.9,0,NULL,NULL),(594,10025,13,'2024-04-03 15:52:30','力传感器超过阈值',2,47.9,0,NULL,NULL),(595,10025,13,'2024-04-03 15:52:32','力传感器超过阈值',2,47.9,0,NULL,NULL),(596,10025,13,'2024-04-03 15:52:33','力传感器超过阈值',2,47.9,0,NULL,NULL),(597,10025,13,'2024-04-03 15:52:35','力传感器超过阈值',2,47.9,0,NULL,NULL),(598,10025,13,'2024-04-03 15:52:36','力传感器超过阈值',2,47.9,0,NULL,NULL),(599,10025,13,'2024-04-03 15:52:38','力传感器超过阈值',2,47.9,0,NULL,NULL),(600,10025,13,'2024-04-03 15:52:39','力传感器超过阈值',2,47.9,0,NULL,NULL),(601,10025,13,'2024-04-03 15:52:41','力传感器超过阈值',2,47.9,0,NULL,NULL),(602,10025,13,'2024-04-03 15:52:42','力传感器超过阈值',2,47.9,0,NULL,NULL),(603,10025,13,'2024-04-03 15:52:44','力传感器超过阈值',2,47.9,0,NULL,NULL),(604,10025,13,'2024-04-03 15:52:45','力传感器超过阈值',2,47.9,0,NULL,NULL),(605,10025,13,'2024-04-03 15:52:47','力传感器超过阈值',2,47.9,0,NULL,NULL),(606,10025,13,'2024-04-03 15:52:48','力传感器超过阈值',2,47.9,0,NULL,NULL),(607,10025,13,'2024-04-03 15:52:50','力传感器超过阈值',2,47.9,0,NULL,NULL),(608,10025,13,'2024-04-03 15:52:51','力传感器超过阈值',2,47.8,0,NULL,NULL),(609,10025,13,'2024-04-03 15:52:53','力传感器超过阈值',2,47.9,0,NULL,NULL),(610,10025,13,'2024-04-03 15:52:55','力传感器超过阈值',2,47.9,0,NULL,NULL),(611,10025,13,'2024-04-03 15:52:56','力传感器超过阈值',2,47.9,0,NULL,NULL),(612,10025,13,'2024-04-03 15:52:58','力传感器超过阈值',2,47.9,0,NULL,NULL),(613,10025,13,'2024-04-03 15:52:59','力传感器超过阈值',2,47.9,0,NULL,NULL),(614,10025,13,'2024-04-03 15:53:01','力传感器超过阈值',2,47.9,0,NULL,NULL),(615,10025,13,'2024-04-03 15:53:02','力传感器超过阈值',2,47.9,0,NULL,NULL),(616,10025,13,'2024-04-03 15:53:04','力传感器超过阈值',2,47.9,0,NULL,NULL),(617,10025,13,'2024-04-03 15:53:05','力传感器超过阈值',2,47.9,0,NULL,NULL),(618,10025,13,'2024-04-03 15:53:07','力传感器超过阈值',2,47.8,0,NULL,NULL),(619,10025,13,'2024-04-03 15:53:08','力传感器超过阈值',2,47.9,0,NULL,NULL),(620,10025,13,'2024-04-03 15:53:10','力传感器超过阈值',2,47.9,0,NULL,NULL),(621,10025,13,'2024-04-03 15:53:11','力传感器超过阈值',2,47.8,0,NULL,NULL),(622,10025,13,'2024-04-03 15:53:13','力传感器超过阈值',2,47.9,0,NULL,NULL),(623,10025,13,'2024-04-03 15:53:14','力传感器超过阈值',2,47.8,0,NULL,NULL),(624,10025,13,'2024-04-03 15:53:16','力传感器超过阈值',2,47.9,0,NULL,NULL),(625,10025,13,'2024-04-03 15:53:18','力传感器超过阈值',2,47.9,0,NULL,NULL),(626,10025,13,'2024-04-03 15:53:19','力传感器超过阈值',2,47.9,0,NULL,NULL),(627,10025,13,'2024-04-03 15:53:21','力传感器超过阈值',2,47.8,0,NULL,NULL),(628,10025,13,'2024-04-03 15:53:22','力传感器超过阈值',2,47.9,0,NULL,NULL),(629,10025,13,'2024-04-03 16:15:33','力传感器超过阈值',2,47.8,0,NULL,NULL),(630,10025,13,'2024-04-03 16:15:35','力传感器超过阈值',2,47.9,0,NULL,NULL),(631,10025,13,'2024-04-03 16:15:36','力传感器超过阈值',2,47.9,0,NULL,NULL),(632,10025,13,'2024-04-03 16:15:38','力传感器超过阈值',2,47.9,0,NULL,NULL),(633,10025,13,'2024-04-03 16:15:39','力传感器超过阈值',2,47.9,0,NULL,NULL),(634,10025,13,'2024-04-03 16:15:41','力传感器超过阈值',2,47.9,0,NULL,NULL),(635,10025,13,'2024-04-03 16:15:42','力传感器超过阈值',2,47.9,0,NULL,NULL),(636,10025,13,'2024-04-03 16:15:44','力传感器超过阈值',2,47.9,0,NULL,NULL),(637,10025,13,'2024-04-03 16:15:45','力传感器超过阈值',2,47.9,0,NULL,NULL),(638,10025,13,'2024-04-03 16:15:47','力传感器超过阈值',2,47.9,0,NULL,NULL),(639,10025,13,'2024-04-03 16:15:48','力传感器超过阈值',2,47.9,0,NULL,NULL),(640,10025,13,'2024-04-03 16:15:54','力传感器超过阈值',2,48,0,NULL,NULL),(641,10025,13,'2024-04-03 16:15:55','力传感器超过阈值',2,47.9,0,NULL,NULL),(642,10025,13,'2024-04-03 16:15:57','力传感器超过阈值',2,47.9,0,NULL,NULL),(643,10025,13,'2024-04-03 16:15:58','力传感器超过阈值',2,47.9,0,NULL,NULL),(644,10025,13,'2024-04-03 16:16:00','力传感器超过阈值',2,47.9,0,NULL,NULL),(645,10025,13,'2024-04-03 16:16:02','力传感器超过阈值',2,47.9,0,NULL,NULL),(646,10025,13,'2024-04-03 16:16:03','力传感器超过阈值',2,47.9,0,NULL,NULL),(647,10025,13,'2024-04-03 16:16:05','力传感器超过阈值',2,47.9,0,NULL,NULL),(648,10025,13,'2024-04-03 16:16:06','力传感器超过阈值',2,47.9,0,NULL,NULL),(649,10025,13,'2024-04-03 16:16:08','力传感器超过阈值',2,47.9,0,NULL,NULL),(650,10025,13,'2024-04-03 16:16:09','力传感器超过阈值',2,47.9,0,NULL,NULL),(651,10025,13,'2024-04-03 16:16:11','力传感器超过阈值',2,47.9,0,NULL,NULL),(652,10025,13,'2024-04-03 16:16:12','力传感器超过阈值',2,47.9,0,NULL,NULL),(653,10025,13,'2024-04-03 16:16:14','力传感器超过阈值',2,47.9,0,NULL,NULL),(654,10025,13,'2024-04-03 16:16:15','力传感器超过阈值',2,47.9,0,NULL,NULL),(655,10025,13,'2024-04-03 16:16:18','力传感器超过阈值',2,47.9,0,NULL,NULL),(656,10025,13,'2024-04-03 16:16:19','力传感器超过阈值',2,47.9,0,NULL,NULL),(657,10025,13,'2024-04-03 16:16:21','力传感器超过阈值',2,47.9,0,NULL,NULL),(658,10025,13,'2024-04-03 16:16:22','力传感器超过阈值',2,47.9,0,NULL,NULL),(659,10025,13,'2024-04-03 16:16:24','力传感器超过阈值',2,47.9,0,NULL,NULL),(660,10025,13,'2024-04-03 16:16:25','力传感器超过阈值',2,47.9,0,NULL,NULL),(661,10025,13,'2024-04-03 16:16:27','力传感器超过阈值',2,47.9,0,NULL,NULL),(662,10025,13,'2024-04-03 16:16:28','力传感器超过阈值',2,47.9,0,NULL,NULL),(663,10025,13,'2024-04-03 16:16:30','力传感器超过阈值',2,47.9,0,NULL,NULL),(664,10025,13,'2024-04-03 16:16:31','力传感器超过阈值',2,47.8,0,NULL,NULL),(665,10025,13,'2024-04-03 16:16:33','力传感器超过阈值',2,47.9,0,NULL,NULL),(666,10025,13,'2024-04-03 16:16:35','力传感器超过阈值',2,47.9,0,NULL,NULL),(667,10025,13,'2024-04-03 16:16:36','力传感器超过阈值',2,47.9,0,NULL,NULL),(668,10025,13,'2024-04-03 16:16:38','力传感器超过阈值',2,47.9,0,NULL,NULL),(669,10025,13,'2024-04-03 16:16:39','力传感器超过阈值',2,47.9,0,NULL,NULL),(670,10025,13,'2024-04-03 16:16:41','力传感器超过阈值',2,47.9,0,NULL,NULL),(671,10025,13,'2024-04-03 16:16:42','力传感器超过阈值',2,47.9,0,NULL,NULL),(672,10025,13,'2024-04-03 16:16:44','力传感器超过阈值',2,47.9,0,NULL,NULL),(673,10025,13,'2024-04-03 16:16:45','力传感器超过阈值',2,47.9,0,NULL,NULL),(674,10025,13,'2024-04-03 16:16:47','力传感器超过阈值',2,47.9,0,NULL,NULL),(675,10025,13,'2024-04-03 16:16:48','力传感器超过阈值',2,47.9,0,NULL,NULL),(676,10025,13,'2024-04-03 16:16:50','力传感器超过阈值',2,47.9,0,NULL,NULL),(677,10025,13,'2024-04-03 16:16:52','力传感器超过阈值',2,47.9,0,NULL,NULL),(678,10025,13,'2024-04-03 16:16:53','力传感器超过阈值',2,47.9,0,NULL,NULL),(679,10025,13,'2024-04-03 16:16:55','力传感器超过阈值',2,47.9,0,NULL,NULL),(680,10025,13,'2024-04-03 16:16:56','力传感器超过阈值',2,47.9,0,NULL,NULL),(681,10025,13,'2024-04-03 16:24:26','力传感器超过阈值',2,48,0,NULL,NULL),(682,10025,13,'2024-04-03 16:24:28','力传感器超过阈值',2,47.8,0,NULL,NULL),(683,10025,13,'2024-04-03 16:24:29','力传感器超过阈值',2,47.9,0,NULL,NULL),(684,10025,13,'2024-04-03 16:24:31','力传感器超过阈值',2,47.9,0,NULL,NULL),(685,10025,13,'2024-04-03 16:24:32','力传感器超过阈值',2,47.9,0,NULL,NULL),(686,10025,13,'2024-04-03 16:24:34','力传感器超过阈值',2,48,0,NULL,NULL),(687,10025,13,'2024-04-03 16:24:35','力传感器超过阈值',2,47.9,0,NULL,NULL),(688,10025,13,'2024-04-03 16:24:37','力传感器超过阈值',2,47.8,0,NULL,NULL),(689,10025,13,'2024-04-03 16:24:39','力传感器超过阈值',2,47.9,0,NULL,NULL),(690,10025,13,'2024-04-03 16:24:40','力传感器超过阈值',2,47.9,0,NULL,NULL),(691,10025,13,'2024-04-03 16:24:42','力传感器超过阈值',2,47.8,0,NULL,NULL),(692,10025,13,'2024-04-03 16:30:28','力传感器超过阈值',2,47.9,0,NULL,NULL),(693,10025,13,'2024-04-03 16:30:30','力传感器超过阈值',2,47.8,0,NULL,NULL),(694,10025,13,'2024-04-03 16:30:31','力传感器超过阈值',2,47.9,0,NULL,NULL),(695,10025,13,'2024-04-03 16:30:32','力传感器超过阈值',2,47.9,0,NULL,NULL),(696,10025,13,'2024-04-03 16:30:34','力传感器超过阈值',2,47.9,0,NULL,NULL),(697,10025,13,'2024-04-03 16:30:36','力传感器超过阈值',2,47.9,0,NULL,NULL),(698,10025,13,'2024-04-03 16:30:37','力传感器超过阈值',2,47.9,0,NULL,NULL),(699,10025,13,'2024-04-03 16:30:39','力传感器超过阈值',2,47.9,0,NULL,NULL),(700,10025,13,'2024-04-03 16:33:30','力传感器超过阈值',2,47.9,0,NULL,NULL),(701,10025,13,'2024-04-03 16:33:32','力传感器超过阈值',2,47.9,0,NULL,NULL),(702,10025,13,'2024-04-03 16:33:33','力传感器超过阈值',2,48,0,NULL,NULL),(703,10025,13,'2024-04-03 16:33:35','力传感器超过阈值',2,47.9,0,NULL,NULL),(704,10025,13,'2024-04-03 16:33:36','力传感器超过阈值',2,47.9,0,NULL,NULL),(705,10025,13,'2024-04-03 16:33:38','力传感器超过阈值',2,47.9,0,NULL,NULL),(706,10025,13,'2024-04-03 16:33:39','力传感器超过阈值',2,47.9,0,NULL,NULL),(707,10025,13,'2024-04-03 16:33:41','力传感器超过阈值',2,47.9,0,NULL,NULL),(708,10025,13,'2024-04-03 16:33:43','力传感器超过阈值',2,47.8,0,NULL,NULL),(709,10025,13,'2024-04-03 16:33:44','力传感器超过阈值',2,47.9,0,NULL,NULL),(710,10025,13,'2024-04-03 16:33:45','力传感器超过阈值',2,47.9,0,NULL,NULL),(711,10025,13,'2024-04-03 16:33:47','力传感器超过阈值',2,47.9,0,NULL,NULL),(712,10025,13,'2024-04-03 16:33:49','力传感器超过阈值',2,47.9,0,NULL,NULL),(713,10025,13,'2024-04-03 16:33:50','力传感器超过阈值',2,47.9,0,NULL,NULL),(714,10025,13,'2024-04-03 16:33:52','力传感器超过阈值',2,47.9,0,NULL,NULL),(715,10025,13,'2024-04-03 16:33:53','力传感器超过阈值',2,47.9,0,NULL,NULL),(716,10025,13,'2024-04-03 16:33:55','力传感器超过阈值',2,47.9,0,NULL,NULL),(717,10025,13,'2024-04-03 16:33:56','力传感器超过阈值',2,47.9,0,NULL,NULL),(718,10025,13,'2024-04-03 16:33:58','力传感器超过阈值',2,47.9,0,NULL,NULL),(719,10025,13,'2024-04-03 16:33:59','力传感器超过阈值',2,47.9,0,NULL,NULL),(720,10025,13,'2024-04-03 16:34:01','力传感器超过阈值',2,47.9,0,NULL,NULL),(721,10025,13,'2024-04-03 16:34:03','力传感器超过阈值',2,47.9,0,NULL,NULL),(722,10025,13,'2024-04-03 16:34:04','力传感器超过阈值',2,47.9,0,NULL,NULL),(723,10025,13,'2024-04-03 16:34:05','力传感器超过阈值',2,47.9,0,NULL,NULL),(724,10025,13,'2024-04-03 16:34:07','力传感器超过阈值',2,47.9,0,NULL,NULL),(725,10025,13,'2024-04-03 16:34:09','力传感器超过阈值',2,47.9,0,NULL,NULL),(726,10025,13,'2024-04-03 16:34:10','力传感器超过阈值',2,47.9,0,NULL,NULL),(727,10025,13,'2024-04-03 16:34:12','力传感器超过阈值',2,47.9,0,NULL,NULL),(728,10025,13,'2024-04-03 16:34:13','力传感器超过阈值',2,47.9,0,NULL,NULL),(729,10025,13,'2024-04-03 16:34:15','力传感器超过阈值',2,47.9,0,NULL,NULL),(730,10025,13,'2024-04-03 16:34:16','力传感器超过阈值',2,47.8,0,NULL,NULL),(731,10025,13,'2024-04-03 16:34:18','力传感器超过阈值',2,47.9,0,NULL,NULL),(732,10025,13,'2024-04-03 16:34:19','力传感器超过阈值',2,47.9,0,NULL,NULL),(733,10025,13,'2024-04-03 16:34:21','力传感器超过阈值',2,47.9,0,NULL,NULL),(734,10025,13,'2024-04-03 16:34:22','力传感器超过阈值',2,47.9,0,NULL,NULL),(735,10025,13,'2024-04-03 16:34:24','力传感器超过阈值',2,47.9,0,NULL,NULL),(736,10025,13,'2024-04-03 16:34:25','力传感器超过阈值',2,47.9,0,NULL,NULL),(737,10025,13,'2024-04-03 16:34:27','力传感器超过阈值',2,47.9,0,NULL,NULL),(738,10025,13,'2024-04-03 16:34:29','力传感器超过阈值',2,47.9,0,NULL,NULL),(739,10025,13,'2024-04-03 16:34:30','力传感器超过阈值',2,47.9,0,NULL,NULL),(740,10025,13,'2024-04-03 16:34:32','力传感器超过阈值',2,47.9,0,NULL,NULL),(741,10025,13,'2024-04-03 16:34:33','力传感器超过阈值',2,47.9,0,NULL,NULL),(742,10025,13,'2024-04-03 16:34:35','力传感器超过阈值',2,47.9,0,NULL,NULL),(743,10025,13,'2024-04-03 16:34:36','力传感器超过阈值',2,47.9,0,NULL,NULL),(744,10025,13,'2024-04-03 16:34:38','力传感器超过阈值',2,47.9,0,NULL,NULL),(745,10025,13,'2024-04-03 16:34:39','力传感器超过阈值',2,47.9,0,NULL,NULL),(746,10025,13,'2024-04-03 16:34:41','力传感器超过阈值',2,47.9,0,NULL,NULL),(747,10025,13,'2024-04-03 16:34:42','力传感器超过阈值',2,47.9,0,NULL,NULL),(748,10025,13,'2024-04-03 16:34:44','力传感器超过阈值',2,47.9,0,NULL,NULL),(749,10025,13,'2024-04-03 16:34:45','力传感器超过阈值',2,47.8,0,NULL,NULL),(750,10025,13,'2024-04-03 16:34:47','力传感器超过阈值',2,47.9,0,NULL,NULL),(751,10025,13,'2024-04-03 16:34:48','力传感器超过阈值',2,47.9,0,NULL,NULL),(752,10025,13,'2024-04-03 16:34:50','力传感器超过阈值',2,47.9,0,NULL,NULL),(753,10025,13,'2024-04-03 16:34:52','力传感器超过阈值',2,47.9,0,NULL,NULL),(754,10025,13,'2024-04-03 16:34:53','力传感器超过阈值',2,47.9,0,NULL,NULL),(755,10025,13,'2024-04-03 16:34:55','力传感器超过阈值',2,47.9,0,NULL,NULL),(756,10025,13,'2024-04-03 16:34:57','力传感器超过阈值',2,47.8,0,NULL,NULL),(757,10025,13,'2024-04-03 16:34:58','力传感器超过阈值',2,47.9,0,NULL,NULL),(758,10025,13,'2024-04-03 16:34:59','力传感器超过阈值',2,47.9,0,NULL,NULL),(759,10025,13,'2024-04-03 16:35:01','力传感器超过阈值',2,47.8,0,NULL,NULL),(760,10025,13,'2024-04-03 16:35:02','力传感器超过阈值',2,47.9,0,NULL,NULL),(761,10025,13,'2024-04-03 16:35:04','力传感器超过阈值',2,47.9,0,NULL,NULL),(762,10025,13,'2024-04-03 16:35:05','力传感器超过阈值',2,47.9,0,NULL,NULL),(763,10025,13,'2024-04-03 16:35:07','力传感器超过阈值',2,47.9,0,NULL,NULL),(764,10025,13,'2024-04-03 16:35:08','力传感器超过阈值',2,47.9,0,NULL,NULL),(765,10025,13,'2024-04-03 16:35:10','力传感器超过阈值',2,47.9,0,NULL,NULL),(766,10025,13,'2024-04-03 16:35:12','力传感器超过阈值',2,47.8,0,NULL,NULL),(767,10025,13,'2024-04-03 16:35:13','力传感器超过阈值',2,47.9,0,NULL,NULL),(768,10025,13,'2024-04-03 16:35:15','力传感器超过阈值',2,47.9,0,NULL,NULL),(769,10025,13,'2024-04-03 16:35:16','力传感器超过阈值',2,47.9,0,NULL,NULL),(770,10025,13,'2024-04-03 16:35:18','力传感器超过阈值',2,47.9,0,NULL,NULL),(771,10025,13,'2024-04-03 16:35:19','力传感器超过阈值',2,48,0,NULL,NULL),(772,10025,13,'2024-04-03 16:35:21','力传感器超过阈值',2,47.9,0,NULL,NULL),(773,10025,13,'2024-04-03 16:35:22','力传感器超过阈值',2,47.9,0,NULL,NULL),(774,10025,13,'2024-04-03 16:35:24','力传感器超过阈值',2,47.9,0,NULL,NULL),(775,10025,13,'2024-04-03 16:35:25','力传感器超过阈值',2,47.9,0,NULL,NULL),(776,10025,13,'2024-04-03 16:35:27','力传感器超过阈值',2,47.9,0,NULL,NULL),(777,10025,13,'2024-04-03 16:35:28','力传感器超过阈值',2,47.8,0,NULL,NULL),(778,10025,13,'2024-04-03 16:35:30','力传感器超过阈值',2,47.9,0,NULL,NULL),(779,10025,13,'2024-04-03 16:35:31','力传感器超过阈值',2,47.9,0,NULL,NULL),(780,10025,13,'2024-04-03 16:35:33','力传感器超过阈值',2,47.9,0,NULL,NULL),(781,10025,13,'2024-04-03 16:35:34','力传感器超过阈值',2,47.9,0,NULL,NULL),(782,10025,13,'2024-04-03 16:35:36','力传感器超过阈值',2,47.9,0,NULL,NULL),(783,10025,13,'2024-04-03 16:35:38','力传感器超过阈值',2,47.9,0,NULL,NULL),(784,10025,13,'2024-04-03 16:35:39','力传感器超过阈值',2,47.9,0,NULL,NULL),(785,10025,13,'2024-04-03 16:35:41','力传感器超过阈值',2,47.8,0,NULL,NULL),(786,10025,13,'2024-04-03 16:35:42','力传感器超过阈值',2,47.9,0,NULL,NULL),(787,10025,13,'2024-04-03 16:35:44','力传感器超过阈值',2,47.8,0,NULL,NULL),(788,10025,13,'2024-04-03 16:35:45','力传感器超过阈值',2,47.9,0,NULL,NULL),(789,10025,13,'2024-04-03 16:35:47','力传感器超过阈值',2,47.8,0,NULL,NULL),(790,10025,13,'2024-04-03 16:35:48','力传感器超过阈值',2,47.9,0,NULL,NULL),(791,10025,13,'2024-04-03 16:35:50','力传感器超过阈值',2,47.8,0,NULL,NULL),(792,10025,13,'2024-04-03 16:35:51','力传感器超过阈值',2,47.8,0,NULL,NULL),(793,10025,13,'2024-04-03 16:35:53','力传感器超过阈值',2,47.9,0,NULL,NULL),(794,10025,13,'2024-04-03 16:35:54','力传感器超过阈值',2,47.9,0,NULL,NULL),(795,10025,13,'2024-04-03 16:35:56','力传感器超过阈值',2,47.9,0,NULL,NULL),(796,10025,13,'2024-04-03 16:35:58','力传感器超过阈值',2,47.9,0,NULL,NULL),(797,10025,13,'2024-04-03 16:35:59','力传感器超过阈值',2,47.9,0,NULL,NULL),(798,10025,13,'2024-04-03 16:36:01','力传感器超过阈值',2,47.9,0,NULL,NULL),(799,10025,13,'2024-04-03 16:36:02','力传感器超过阈值',2,47.9,0,NULL,NULL),(800,10025,13,'2024-04-03 16:36:04','力传感器超过阈值',2,47.9,0,NULL,NULL),(801,10025,13,'2024-04-03 16:36:05','力传感器超过阈值',2,47.9,0,NULL,NULL),(802,10025,13,'2024-04-03 16:36:07','力传感器超过阈值',2,47.9,0,NULL,NULL),(803,10025,13,'2024-04-03 16:36:08','力传感器超过阈值',2,47.9,0,NULL,NULL),(804,10025,13,'2024-04-03 16:38:00','力传感器超过阈值',2,47.9,0,NULL,NULL),(805,10025,13,'2024-04-03 16:38:12','力传感器超过阈值',2,47.9,0,NULL,NULL),(806,10025,13,'2024-04-03 16:38:13','力传感器超过阈值',2,48,0,NULL,NULL),(807,10025,13,'2024-04-03 16:38:15','力传感器超过阈值',2,47.9,0,NULL,NULL),(808,10025,13,'2024-04-03 16:38:32','力传感器超过阈值',2,47.8,0,NULL,NULL),(809,10025,13,'2024-04-03 16:38:33','力传感器超过阈值',2,48,0,NULL,NULL),(810,10025,13,'2024-04-03 16:38:35','力传感器超过阈值',2,47.9,0,NULL,NULL),(811,10025,13,'2024-04-03 16:38:36','力传感器超过阈值',2,47.9,0,NULL,NULL),(812,10025,13,'2024-04-03 16:38:38','力传感器超过阈值',2,48,0,NULL,NULL),(813,10025,13,'2024-04-03 16:38:39','力传感器超过阈值',2,47.8,0,NULL,NULL),(814,10025,13,'2024-04-03 16:38:41','力传感器超过阈值',2,48,0,NULL,NULL),(815,10025,13,'2024-04-03 16:39:47','力传感器超过阈值',2,47.9,0,NULL,NULL),(816,10025,13,'2024-04-03 16:39:49','力传感器超过阈值',2,47.8,0,NULL,NULL),(817,10025,13,'2024-04-03 16:39:50','力传感器超过阈值',2,47.9,0,NULL,NULL),(818,10025,13,'2024-04-03 16:39:52','力传感器超过阈值',2,47.9,0,NULL,NULL),(819,10025,13,'2024-04-03 16:40:34','力传感器超过阈值',2,47.9,0,NULL,NULL),(820,10025,13,'2024-04-03 16:40:36','力传感器超过阈值',2,47.9,0,NULL,NULL),(821,10025,13,'2024-04-03 16:40:37','力传感器超过阈值',2,47.9,0,NULL,NULL),(822,10025,13,'2024-04-03 16:40:39','力传感器超过阈值',2,47.9,0,NULL,NULL),(823,10025,13,'2024-04-03 16:49:38','力传感器超过阈值',2,47.9,0,NULL,NULL),(824,10025,13,'2024-04-03 16:49:39','力传感器超过阈值',2,47.9,0,NULL,NULL),(825,10025,13,'2024-04-03 16:49:41','力传感器超过阈值',2,47.9,0,NULL,NULL),(826,10025,13,'2024-04-03 16:49:42','力传感器超过阈值',2,47.9,0,NULL,NULL),(827,10025,13,'2024-04-03 16:49:44','力传感器超过阈值',2,47.9,0,NULL,NULL),(828,10025,13,'2024-04-03 16:49:45','力传感器超过阈值',2,47.9,0,NULL,NULL),(829,10025,13,'2024-04-03 16:49:47','力传感器超过阈值',2,47.9,0,NULL,NULL),(830,10025,13,'2024-04-03 16:49:48','力传感器超过阈值',2,47.9,0,NULL,NULL),(831,10025,13,'2024-04-03 16:49:50','力传感器超过阈值',2,47.9,0,NULL,NULL),(832,10025,13,'2024-04-03 16:49:51','力传感器超过阈值',2,47.9,0,NULL,NULL),(833,10025,13,'2024-04-03 16:49:53','力传感器超过阈值',2,47.9,0,NULL,NULL),(834,10025,13,'2024-04-03 16:49:55','力传感器超过阈值',2,47.9,0,NULL,NULL),(835,10025,13,'2024-04-03 16:49:56','力传感器超过阈值',2,47.9,0,NULL,NULL),(836,10025,13,'2024-04-03 16:49:58','力传感器超过阈值',2,47.9,0,NULL,NULL),(837,10025,13,'2024-04-03 16:49:59','力传感器超过阈值',2,47.9,0,NULL,NULL),(838,10025,13,'2024-04-03 16:50:01','力传感器超过阈值',2,48,0,NULL,NULL),(839,10025,13,'2024-04-03 16:50:02','力传感器超过阈值',2,47.9,0,NULL,NULL),(840,10025,13,'2024-04-03 16:50:04','力传感器超过阈值',2,47.8,0,NULL,NULL),(841,10025,13,'2024-04-03 16:50:05','力传感器超过阈值',2,47.9,0,NULL,NULL),(842,10025,13,'2024-04-03 16:50:07','力传感器超过阈值',2,47.8,0,NULL,NULL),(843,10025,13,'2024-04-03 16:50:08','力传感器超过阈值',2,47.9,0,NULL,NULL),(844,10025,13,'2024-04-03 16:50:10','力传感器超过阈值',2,47.9,0,NULL,NULL),(845,10025,13,'2024-04-03 16:50:11','力传感器超过阈值',2,47.9,0,NULL,NULL),(846,10025,13,'2024-04-03 16:50:13','力传感器超过阈值',2,47.9,0,NULL,NULL),(847,10025,13,'2024-04-03 16:50:14','力传感器超过阈值',2,47.9,0,NULL,NULL),(848,10025,13,'2024-04-03 16:50:16','力传感器超过阈值',2,47.9,0,NULL,NULL),(849,10025,13,'2024-04-03 16:50:18','力传感器超过阈值',2,47.9,0,NULL,NULL),(850,10025,13,'2024-04-03 16:50:19','力传感器超过阈值',2,47.9,0,NULL,NULL),(851,10025,13,'2024-04-03 16:50:21','力传感器超过阈值',2,47.8,0,NULL,NULL),(852,10025,13,'2024-04-03 16:50:22','力传感器超过阈值',2,47.9,0,NULL,NULL),(853,10025,13,'2024-04-03 16:50:24','力传感器超过阈值',2,47.9,0,NULL,NULL),(854,10025,13,'2024-04-03 16:50:25','力传感器超过阈值',2,47.9,0,NULL,NULL),(855,10025,13,'2024-04-03 16:50:27','力传感器超过阈值',2,47.9,0,NULL,NULL),(856,10025,13,'2024-04-03 16:50:28','力传感器超过阈值',2,47.9,0,NULL,NULL),(857,10025,13,'2024-04-03 16:50:30','力传感器超过阈值',2,47.9,0,NULL,NULL),(858,10025,13,'2024-04-03 16:50:31','力传感器超过阈值',2,47.9,0,NULL,NULL),(859,10025,13,'2024-04-03 16:50:33','力传感器超过阈值',2,47.9,0,NULL,NULL),(860,10025,13,'2024-04-03 16:50:34','力传感器超过阈值',2,47.9,0,NULL,NULL),(861,10025,13,'2024-04-03 16:50:36','力传感器超过阈值',2,48,0,NULL,NULL),(862,10025,13,'2024-04-03 16:50:38','力传感器超过阈值',2,47.8,0,NULL,NULL),(863,10025,13,'2024-04-03 16:50:39','力传感器超过阈值',2,47.9,0,NULL,NULL),(864,10025,13,'2024-04-03 16:50:41','力传感器超过阈值',2,47.9,0,NULL,NULL),(865,10025,13,'2024-04-03 16:50:42','力传感器超过阈值',2,47.9,0,NULL,NULL),(866,10025,13,'2024-04-03 16:50:44','力传感器超过阈值',2,47.9,0,NULL,NULL),(867,10025,13,'2024-04-03 16:50:45','力传感器超过阈值',2,47.8,0,NULL,NULL),(868,10025,13,'2024-04-03 16:50:47','力传感器超过阈值',2,47.9,0,NULL,NULL),(869,10025,13,'2024-04-03 16:50:48','力传感器超过阈值',2,47.9,0,NULL,NULL),(870,10025,13,'2024-04-03 16:50:50','力传感器超过阈值',2,47.9,0,NULL,NULL),(871,10025,13,'2024-04-03 16:50:51','力传感器超过阈值',2,47.9,0,NULL,NULL),(872,10025,13,'2024-04-03 16:50:53','力传感器超过阈值',2,47.9,0,NULL,NULL),(873,10025,13,'2024-04-03 16:50:54','力传感器超过阈值',2,48,0,NULL,NULL),(874,10025,13,'2024-04-03 16:50:56','力传感器超过阈值',2,47.9,0,NULL,NULL),(875,10025,13,'2024-04-03 16:50:57','力传感器超过阈值',2,47.9,0,NULL,NULL),(876,10025,13,'2024-04-03 16:50:59','力传感器超过阈值',2,47.9,0,NULL,NULL),(877,10025,13,'2024-04-03 16:51:01','力传感器超过阈值',2,47.9,0,NULL,NULL),(878,10025,13,'2024-04-03 16:51:02','力传感器超过阈值',2,47.9,0,NULL,NULL),(879,10025,13,'2024-04-03 16:51:04','力传感器超过阈值',2,47.8,0,NULL,NULL),(880,10025,13,'2024-04-03 16:51:05','力传感器超过阈值',2,48,0,NULL,NULL),(881,10025,13,'2024-04-03 16:51:07','力传感器超过阈值',2,47.9,0,NULL,NULL),(882,10025,13,'2024-04-03 16:51:08','力传感器超过阈值',2,47.8,0,NULL,NULL),(883,10025,13,'2024-04-03 16:51:10','力传感器超过阈值',2,47.9,0,NULL,NULL),(884,10025,13,'2024-04-03 16:51:11','力传感器超过阈值',2,47.8,0,NULL,NULL),(885,10025,13,'2024-04-03 16:51:13','力传感器超过阈值',2,47.9,0,NULL,NULL),(886,10025,13,'2024-04-03 16:51:14','力传感器超过阈值',2,47.9,0,NULL,NULL),(887,10025,13,'2024-04-03 16:51:16','力传感器超过阈值',2,47.8,0,NULL,NULL),(888,10025,13,'2024-04-03 16:51:17','力传感器超过阈值',2,47.9,0,NULL,NULL),(889,10025,13,'2024-04-03 16:51:19','力传感器超过阈值',2,47.9,0,NULL,NULL),(890,10025,13,'2024-04-03 16:51:21','力传感器超过阈值',2,47.8,0,NULL,NULL),(891,10025,13,'2024-04-03 16:51:22','力传感器超过阈值',2,47.8,0,NULL,NULL),(892,10025,13,'2024-04-03 16:51:24','力传感器超过阈值',2,48,0,NULL,NULL),(893,10025,13,'2024-04-03 16:51:26','力传感器超过阈值',2,47.9,0,NULL,NULL),(894,10025,13,'2024-04-03 16:51:27','力传感器超过阈值',2,47.9,0,NULL,NULL),(895,10025,13,'2024-04-03 16:51:28','力传感器超过阈值',2,47.9,0,NULL,NULL),(896,10025,13,'2024-04-03 16:51:30','力传感器超过阈值',2,47.9,0,NULL,NULL),(897,10025,13,'2024-04-03 16:51:31','力传感器超过阈值',2,47.9,0,NULL,NULL),(898,10025,13,'2024-04-03 16:51:33','力传感器超过阈值',2,47.9,0,NULL,NULL),(899,10025,13,'2024-04-03 16:51:34','力传感器超过阈值',2,47.9,0,NULL,NULL),(900,10025,13,'2024-04-03 16:51:36','力传感器超过阈值',2,47.8,0,NULL,NULL),(901,10025,13,'2024-04-03 16:51:37','力传感器超过阈值',2,47.9,0,NULL,NULL),(902,10025,13,'2024-04-03 16:51:39','力传感器超过阈值',2,47.9,0,NULL,NULL),(903,10025,13,'2024-04-03 16:51:40','力传感器超过阈值',2,47.9,0,NULL,NULL),(904,10025,13,'2024-04-03 16:51:42','力传感器超过阈值',2,47.9,0,NULL,NULL),(905,10025,13,'2024-04-03 16:51:44','力传感器超过阈值',2,47.9,0,NULL,NULL),(906,10025,13,'2024-04-03 16:51:45','力传感器超过阈值',2,47.9,0,NULL,NULL),(907,10025,13,'2024-04-03 16:51:47','力传感器超过阈值',2,47.9,0,NULL,NULL),(908,10025,13,'2024-04-03 16:51:48','力传感器超过阈值',2,47.9,0,NULL,NULL),(909,10025,13,'2024-04-03 16:51:50','力传感器超过阈值',2,47.8,0,NULL,NULL),(910,10025,13,'2024-04-03 16:51:51','力传感器超过阈值',2,47.9,0,NULL,NULL),(911,10025,13,'2024-04-03 16:51:53','力传感器超过阈值',2,47.9,0,NULL,NULL),(912,10025,13,'2024-04-03 16:51:54','力传感器超过阈值',2,47.9,0,NULL,NULL),(913,10025,13,'2024-04-03 16:51:56','力传感器超过阈值',2,47.9,0,NULL,NULL),(914,10025,13,'2024-04-03 16:51:57','力传感器超过阈值',2,47.9,0,NULL,NULL),(915,10025,13,'2024-04-03 16:51:59','力传感器超过阈值',2,47.9,0,NULL,NULL),(916,10025,13,'2024-04-03 16:52:02','力传感器超过阈值',2,47.9,0,NULL,NULL),(917,10025,13,'2024-04-03 16:52:04','力传感器超过阈值',2,47.8,0,NULL,NULL),(918,10025,13,'2024-04-03 16:52:05','力传感器超过阈值',2,47.9,0,NULL,NULL),(919,10025,13,'2024-04-03 16:52:07','力传感器超过阈值',2,47.8,0,NULL,NULL),(920,10025,13,'2024-04-03 16:52:08','力传感器超过阈值',2,47.9,0,NULL,NULL),(921,10025,13,'2024-04-03 16:52:10','力传感器超过阈值',2,47.9,0,NULL,NULL),(922,10025,13,'2024-04-03 16:52:11','力传感器超过阈值',2,47.9,0,NULL,NULL),(923,10025,13,'2024-04-03 16:52:13','力传感器超过阈值',2,47.9,0,NULL,NULL),(924,10025,13,'2024-04-03 16:52:14','力传感器超过阈值',2,47.9,0,NULL,NULL),(925,10025,13,'2024-04-03 16:52:16','力传感器超过阈值',2,47.8,0,NULL,NULL),(926,10025,13,'2024-04-03 16:52:17','力传感器超过阈值',2,47.9,0,NULL,NULL),(927,10025,13,'2024-04-03 16:52:19','力传感器超过阈值',2,47.8,0,NULL,NULL),(928,10025,13,'2024-04-03 16:52:20','力传感器超过阈值',2,47.9,0,NULL,NULL),(929,10025,13,'2024-04-03 16:52:22','力传感器超过阈值',2,47.9,0,NULL,NULL),(930,10025,13,'2024-04-03 16:52:23','力传感器超过阈值',2,47.9,0,NULL,NULL),(931,10025,13,'2024-04-03 16:52:25','力传感器超过阈值',2,47.9,0,NULL,NULL),(932,10025,13,'2024-04-03 16:52:26','力传感器超过阈值',2,47.9,0,NULL,NULL),(933,10025,13,'2024-04-03 16:52:28','力传感器超过阈值',2,47.9,0,NULL,NULL),(934,10025,13,'2024-04-03 16:52:30','力传感器超过阈值',2,47.9,0,NULL,NULL),(935,10025,13,'2024-04-03 16:52:31','力传感器超过阈值',2,47.9,0,NULL,NULL),(936,10025,13,'2024-04-03 16:52:33','力传感器超过阈值',2,47.9,0,NULL,NULL),(937,10025,13,'2024-04-03 16:52:34','力传感器超过阈值',2,47.9,0,NULL,NULL),(938,10025,13,'2024-04-03 16:52:36','力传感器超过阈值',2,47.9,0,NULL,NULL),(939,10025,13,'2024-04-03 16:52:37','力传感器超过阈值',2,47.8,0,NULL,NULL),(940,10025,13,'2024-04-03 16:52:39','力传感器超过阈值',2,47.9,0,NULL,NULL),(941,10025,13,'2024-04-03 16:52:40','力传感器超过阈值',2,47.9,0,NULL,NULL),(942,10025,13,'2024-04-03 16:52:42','力传感器超过阈值',2,47.9,0,NULL,NULL),(943,10025,13,'2024-04-03 16:52:43','力传感器超过阈值',2,47.9,0,NULL,NULL),(944,10025,13,'2024-04-03 16:52:45','力传感器超过阈值',2,47.9,0,NULL,NULL),(945,10025,13,'2024-04-03 16:52:46','力传感器超过阈值',2,47.9,0,NULL,NULL),(946,10025,13,'2024-04-03 16:52:48','力传感器超过阈值',2,47.8,0,NULL,NULL),(947,10025,13,'2024-04-03 16:52:49','力传感器超过阈值',2,47.9,0,NULL,NULL),(948,10025,13,'2024-04-03 17:15:39','力传感器超过阈值',2,47.9,0,NULL,NULL),(949,10025,13,'2024-04-03 17:15:41','力传感器超过阈值',2,47.9,0,NULL,NULL),(950,10025,13,'2024-04-03 17:15:43','力传感器超过阈值',2,47.9,0,NULL,NULL),(951,10025,13,'2024-04-03 17:15:44','力传感器超过阈值',2,47.9,0,NULL,NULL),(952,10025,13,'2024-04-03 17:15:46','力传感器超过阈值',2,47.9,0,NULL,NULL),(953,10025,13,'2024-04-03 17:15:47','力传感器超过阈值',2,47.9,0,NULL,NULL),(954,10025,13,'2024-04-03 17:15:49','力传感器超过阈值',2,47.9,0,NULL,NULL),(955,10025,13,'2024-04-03 17:15:50','力传感器超过阈值',2,47.9,0,NULL,NULL),(956,10025,13,'2024-04-03 17:15:52','力传感器超过阈值',2,47.9,0,NULL,NULL),(957,10025,13,'2024-04-03 17:15:53','力传感器超过阈值',2,47.9,0,NULL,NULL),(958,10025,13,'2024-04-03 17:15:55','力传感器超过阈值',2,47.9,0,NULL,NULL),(959,10025,13,'2024-04-03 17:15:56','力传感器超过阈值',2,47.9,0,NULL,NULL),(960,10025,13,'2024-04-03 17:15:58','力传感器超过阈值',2,47.9,0,NULL,NULL),(961,10025,13,'2024-04-03 17:15:59','力传感器超过阈值',2,47.9,0,NULL,NULL),(962,10025,13,'2024-04-03 17:16:01','力传感器超过阈值',2,47.9,0,NULL,NULL),(963,10025,13,'2024-04-03 17:16:02','力传感器超过阈值',2,47.9,0,NULL,NULL),(964,10025,13,'2024-04-03 17:16:04','力传感器超过阈值',2,48,0,NULL,NULL),(965,10025,13,'2024-04-03 17:17:48','力传感器超过阈值',2,47.9,0,NULL,NULL),(966,10025,13,'2024-04-03 17:17:49','力传感器超过阈值',2,47.9,0,NULL,NULL),(967,10025,13,'2024-04-03 17:17:51','力传感器超过阈值',2,47.9,0,NULL,NULL),(968,10025,13,'2024-04-03 17:25:45','力传感器超过阈值',2,47.9,0,NULL,NULL),(969,10025,13,'2024-04-03 17:25:47','力传感器超过阈值',2,47.9,0,NULL,NULL),(970,10025,13,'2024-04-03 17:25:48','力传感器超过阈值',2,47.9,0,NULL,NULL),(971,10025,13,'2024-04-03 17:25:50','力传感器超过阈值',2,47.8,0,NULL,NULL),(972,10025,13,'2024-04-03 17:25:51','力传感器超过阈值',2,47.9,0,NULL,NULL),(973,10025,13,'2024-04-03 17:25:53','力传感器超过阈值',2,47.9,0,NULL,NULL),(974,10025,13,'2024-04-03 17:25:54','力传感器超过阈值',2,47.9,0,NULL,NULL),(975,10025,13,'2024-04-03 17:25:56','力传感器超过阈值',2,47.9,0,NULL,NULL),(976,10025,13,'2024-04-03 17:25:58','力传感器超过阈值',2,47.9,0,NULL,NULL),(977,10025,13,'2024-04-03 17:25:59','力传感器超过阈值',2,47.9,0,NULL,NULL),(978,10025,13,'2024-04-03 17:26:01','力传感器超过阈值',2,47.9,0,NULL,NULL),(979,10025,13,'2024-04-03 17:26:02','力传感器超过阈值',2,47.9,0,NULL,NULL),(980,10025,13,'2024-04-03 17:26:04','力传感器超过阈值',2,47.9,0,NULL,NULL),(981,10025,13,'2024-04-03 17:26:05','力传感器超过阈值',2,47.9,0,NULL,NULL),(982,10025,13,'2024-04-03 17:26:07','力传感器超过阈值',2,47.9,0,NULL,NULL),(983,10025,13,'2024-04-03 17:26:08','力传感器超过阈值',2,47.9,0,NULL,NULL),(984,10025,13,'2024-04-03 17:26:10','力传感器超过阈值',2,47.9,0,NULL,NULL),(985,10025,13,'2024-04-03 17:26:11','力传感器超过阈值',2,47.9,0,NULL,NULL),(986,10025,13,'2024-04-03 17:26:13','力传感器超过阈值',2,47.8,0,NULL,NULL),(987,10025,13,'2024-04-03 17:26:14','力传感器超过阈值',2,47.9,0,NULL,NULL),(988,10025,13,'2024-04-03 17:26:16','力传感器超过阈值',2,47.8,0,NULL,NULL),(989,10025,13,'2024-04-03 17:26:17','力传感器超过阈值',2,47.9,0,NULL,NULL),(990,10025,13,'2024-04-03 17:26:19','力传感器超过阈值',2,47.9,0,NULL,NULL),(991,10025,13,'2024-04-03 17:26:21','力传感器超过阈值',2,47.9,0,NULL,NULL),(992,10025,13,'2024-04-03 17:26:22','力传感器超过阈值',2,47.9,0,NULL,NULL),(993,10025,13,'2024-04-03 17:26:24','力传感器超过阈值',2,47.9,0,NULL,NULL),(994,10025,13,'2024-04-03 17:26:25','力传感器超过阈值',2,47.9,0,NULL,NULL),(995,10025,13,'2024-04-03 17:26:27','力传感器超过阈值',2,47.8,0,NULL,NULL),(996,10025,13,'2024-04-03 17:26:28','力传感器超过阈值',2,47.9,0,NULL,NULL),(997,10025,13,'2024-04-03 17:26:30','力传感器超过阈值',2,47.9,0,NULL,NULL),(998,10025,13,'2024-04-03 17:26:31','力传感器超过阈值',2,47.9,0,NULL,NULL),(999,10025,13,'2024-04-03 17:26:33','力传感器超过阈值',2,47.9,0,NULL,NULL),(1000,10025,13,'2024-04-03 17:26:34','力传感器超过阈值',2,47.9,0,NULL,NULL),(1001,10025,13,'2024-04-03 17:26:36','力传感器超过阈值',2,47.9,0,NULL,NULL),(1002,10025,13,'2024-04-03 17:26:37','力传感器超过阈值',2,47.9,0,NULL,NULL),(1003,10025,13,'2024-04-03 17:26:39','力传感器超过阈值',2,47.9,0,NULL,NULL),(1004,10025,13,'2024-04-03 17:26:40','力传感器超过阈值',2,47.9,0,NULL,NULL),(1005,10025,13,'2024-04-03 17:26:42','力传感器超过阈值',2,47.9,0,NULL,NULL),(1006,10025,13,'2024-04-03 17:26:43','力传感器超过阈值',2,47.9,0,NULL,NULL),(1007,10025,13,'2024-04-03 17:26:45','力传感器超过阈值',2,47.9,0,NULL,NULL),(1008,10025,13,'2024-04-03 17:26:47','力传感器超过阈值',2,47.9,0,NULL,NULL),(1009,10025,13,'2024-04-03 17:26:48','力传感器超过阈值',2,47.8,0,NULL,NULL),(1010,10025,13,'2024-04-03 17:26:50','力传感器超过阈值',2,47.9,0,NULL,NULL),(1011,10025,13,'2024-04-03 17:26:51','力传感器超过阈值',2,47.9,0,NULL,NULL),(1012,10025,13,'2024-04-03 17:26:53','力传感器超过阈值',2,47.9,0,NULL,NULL),(1013,10025,13,'2024-04-03 17:26:54','力传感器超过阈值',2,47.9,0,NULL,NULL),(1014,10025,13,'2024-04-03 17:26:56','力传感器超过阈值',2,48,0,NULL,NULL),(1015,10025,13,'2024-04-03 17:26:57','力传感器超过阈值',2,47.9,0,NULL,NULL),(1016,10025,13,'2024-04-03 17:26:59','力传感器超过阈值',2,47.9,0,NULL,NULL),(1017,10025,13,'2024-04-03 17:27:00','力传感器超过阈值',2,47.8,0,NULL,NULL),(1018,10025,13,'2024-04-03 17:27:02','力传感器超过阈值',2,47.9,0,NULL,NULL),(1019,10025,13,'2024-04-03 17:27:03','力传感器超过阈值',2,47.9,0,NULL,NULL),(1020,10025,13,'2024-04-03 17:27:05','力传感器超过阈值',2,47.9,0,NULL,NULL),(1021,10025,13,'2024-04-03 17:27:07','力传感器超过阈值',2,47.9,0,NULL,NULL),(1022,10025,13,'2024-04-03 17:27:08','力传感器超过阈值',2,47.9,0,NULL,NULL),(1023,10025,13,'2024-04-03 17:27:10','力传感器超过阈值',2,47.9,0,NULL,NULL),(1024,10025,13,'2024-04-03 17:27:11','力传感器超过阈值',2,47.9,0,NULL,NULL),(1025,10025,13,'2024-04-03 17:27:13','力传感器超过阈值',2,47.9,0,NULL,NULL),(1026,10025,13,'2024-04-03 17:27:14','力传感器超过阈值',2,47.9,0,NULL,NULL),(1027,10025,13,'2024-04-03 17:27:16','力传感器超过阈值',2,47.8,0,NULL,NULL),(1028,10025,13,'2024-04-03 17:27:17','力传感器超过阈值',2,47.9,0,NULL,NULL),(1029,10025,13,'2024-04-03 17:27:19','力传感器超过阈值',2,47.9,0,NULL,NULL),(1030,10025,13,'2024-04-03 17:27:20','力传感器超过阈值',2,47.8,0,NULL,NULL),(1031,10025,13,'2024-04-03 17:27:22','力传感器超过阈值',2,47.8,0,NULL,NULL),(1032,10025,13,'2024-04-03 17:27:23','力传感器超过阈值',2,47.9,0,NULL,NULL),(1033,10025,13,'2024-04-03 17:27:25','力传感器超过阈值',2,47.9,0,NULL,NULL),(1034,10025,13,'2024-04-03 17:27:26','力传感器超过阈值',2,47.9,0,NULL,NULL),(1035,10025,13,'2024-04-03 17:29:53','力传感器超过阈值',2,47.9,0,NULL,NULL),(1036,10025,13,'2024-04-03 17:29:55','力传感器超过阈值',2,47.8,0,NULL,NULL),(1037,10025,13,'2024-04-03 17:29:57','力传感器超过阈值',2,47.9,0,NULL,NULL),(1038,10025,13,'2024-04-03 17:29:58','力传感器超过阈值',2,47.9,0,NULL,NULL),(1039,10025,13,'2024-04-03 17:30:00','力传感器超过阈值',2,47.9,0,NULL,NULL),(1040,10025,13,'2024-04-03 17:30:01','力传感器超过阈值',2,47.9,0,NULL,NULL),(1041,10025,13,'2024-04-03 17:30:03','力传感器超过阈值',2,47.9,0,NULL,NULL),(1042,10025,13,'2024-04-03 17:30:04','力传感器超过阈值',2,47.8,0,NULL,NULL),(1043,10025,13,'2024-04-03 17:30:06','力传感器超过阈值',2,47.9,0,NULL,NULL),(1044,10025,13,'2024-04-03 17:30:07','力传感器超过阈值',2,47.9,0,NULL,NULL),(1045,10025,13,'2024-04-03 17:30:09','力传感器超过阈值',2,47.8,0,NULL,NULL),(1046,10025,13,'2024-04-03 17:30:10','力传感器超过阈值',2,47.9,0,NULL,NULL),(1047,10025,13,'2024-04-03 17:30:12','力传感器超过阈值',2,47.9,0,NULL,NULL),(1048,10025,13,'2024-04-03 17:30:13','力传感器超过阈值',2,48,0,NULL,NULL),(1049,10025,13,'2024-04-03 17:30:15','力传感器超过阈值',2,47.8,0,NULL,NULL),(1050,10025,13,'2024-04-03 17:30:16','力传感器超过阈值',2,47.8,0,NULL,NULL),(1051,10025,13,'2024-04-03 17:30:18','力传感器超过阈值',2,48,0,NULL,NULL),(1052,10025,13,'2024-04-03 17:30:20','力传感器超过阈值',2,47.8,0,NULL,NULL),(1053,10025,13,'2024-04-03 17:30:21','力传感器超过阈值',2,47.9,0,NULL,NULL),(1054,10025,13,'2024-04-03 17:30:23','力传感器超过阈值',2,47.9,0,NULL,NULL),(1055,10025,13,'2024-04-03 17:30:24','力传感器超过阈值',2,47.9,0,NULL,NULL),(1056,10025,13,'2024-04-03 17:30:26','力传感器超过阈值',2,47.9,0,NULL,NULL),(1057,10025,13,'2024-04-03 17:30:27','力传感器超过阈值',2,47.9,0,NULL,NULL),(1058,10025,13,'2024-04-03 17:30:29','力传感器超过阈值',2,47.9,0,NULL,NULL),(1059,10025,13,'2024-04-03 17:30:30','力传感器超过阈值',2,47.9,0,NULL,NULL),(1060,10025,13,'2024-04-03 17:30:32','力传感器超过阈值',2,47.9,0,NULL,NULL),(1061,10025,13,'2024-04-03 17:30:33','力传感器超过阈值',2,47.8,0,NULL,NULL),(1062,10025,13,'2024-04-03 17:30:35','力传感器超过阈值',2,47.9,0,NULL,NULL),(1063,10025,13,'2024-04-03 17:30:36','力传感器超过阈值',2,47.9,0,NULL,NULL),(1064,10025,13,'2024-04-03 17:30:38','力传感器超过阈值',2,47.9,0,NULL,NULL),(1065,10025,13,'2024-04-03 17:30:39','力传感器超过阈值',2,47.9,0,NULL,NULL),(1066,10025,13,'2024-04-03 17:30:41','力传感器超过阈值',2,47.8,0,NULL,NULL),(1067,10025,13,'2024-04-03 17:30:42','力传感器超过阈值',2,47.9,0,NULL,NULL),(1068,10025,13,'2024-04-03 17:30:44','力传感器超过阈值',2,47.9,0,NULL,NULL),(1069,10025,13,'2024-04-03 17:30:46','力传感器超过阈值',2,47.8,0,NULL,NULL),(1070,10025,13,'2024-04-03 17:30:47','力传感器超过阈值',2,47.9,0,NULL,NULL),(1071,10025,13,'2024-04-03 17:30:49','力传感器超过阈值',2,47.9,0,NULL,NULL),(1072,10025,13,'2024-04-03 17:30:50','力传感器超过阈值',2,47.8,0,NULL,NULL),(1073,10025,13,'2024-04-03 17:30:52','力传感器超过阈值',2,47.9,0,NULL,NULL),(1074,10025,13,'2024-04-03 17:30:53','力传感器超过阈值',2,47.8,0,NULL,NULL),(1075,10025,13,'2024-04-03 17:30:55','力传感器超过阈值',2,47.9,0,NULL,NULL),(1076,10025,13,'2024-04-03 17:30:56','力传感器超过阈值',2,47.9,0,NULL,NULL),(1077,10025,13,'2024-04-03 17:30:58','力传感器超过阈值',2,47.9,0,NULL,NULL),(1078,10025,13,'2024-04-03 17:30:59','力传感器超过阈值',2,47.8,0,NULL,NULL),(1079,10025,13,'2024-04-03 17:31:01','力传感器超过阈值',2,47.9,0,NULL,NULL),(1080,10025,13,'2024-04-03 17:31:03','力传感器超过阈值',2,47.9,0,NULL,NULL),(1081,10025,13,'2024-04-03 17:31:04','力传感器超过阈值',2,47.9,0,NULL,NULL),(1082,10025,13,'2024-04-03 17:40:59','力传感器超过阈值',2,47.7,0,NULL,NULL),(1083,10025,13,'2024-04-03 17:41:00','力传感器超过阈值',2,47.9,0,NULL,NULL),(1084,10025,13,'2024-04-03 17:41:02','力传感器超过阈值',2,47.9,0,NULL,NULL),(1085,10025,13,'2024-04-03 17:41:03','力传感器超过阈值',2,47.9,0,NULL,NULL),(1086,10025,13,'2024-04-03 17:41:05','力传感器超过阈值',2,48,0,NULL,NULL),(1087,10025,13,'2024-04-03 17:41:06','力传感器超过阈值',2,47.9,0,NULL,NULL),(1088,10025,13,'2024-04-03 17:41:08','力传感器超过阈值',2,47.9,0,NULL,NULL),(1089,10025,13,'2024-04-03 17:41:09','力传感器超过阈值',2,47.8,0,NULL,NULL),(1090,10025,13,'2024-04-03 17:43:29','力传感器超过阈值',2,47.9,0,NULL,NULL),(1091,10025,13,'2024-04-03 17:43:31','力传感器超过阈值',2,47.9,0,NULL,NULL),(1092,10025,13,'2024-04-03 17:43:32','力传感器超过阈值',2,47.9,0,NULL,NULL),(1093,10025,13,'2024-04-03 17:43:34','力传感器超过阈值',2,47.8,0,NULL,NULL),(1094,10025,13,'2024-04-03 17:44:36','力传感器超过阈值',2,47.8,0,NULL,NULL),(1095,10025,13,'2024-04-03 17:44:37','力传感器超过阈值',2,47.9,0,NULL,NULL),(1096,10025,13,'2024-04-03 17:44:39','力传感器超过阈值',2,47.9,0,NULL,NULL),(1097,10025,13,'2024-04-03 17:44:41','力传感器超过阈值',2,47.9,0,NULL,NULL),(1098,10025,13,'2024-04-03 17:44:42','力传感器超过阈值',2,47.9,0,NULL,NULL),(1099,10025,13,'2024-04-03 17:44:44','力传感器超过阈值',2,47.8,0,NULL,NULL),(1100,10025,13,'2024-04-03 17:44:45','力传感器超过阈值',2,47.9,0,NULL,NULL),(1101,10025,13,'2024-04-03 17:44:47','力传感器超过阈值',2,47.9,0,NULL,NULL),(1102,10025,13,'2024-04-03 17:44:48','力传感器超过阈值',2,47.9,0,NULL,NULL),(1103,10025,13,'2024-04-03 17:44:50','力传感器超过阈值',2,47.9,0,NULL,NULL),(1104,10025,13,'2024-04-03 17:44:51','力传感器超过阈值',2,47.9,0,NULL,NULL),(1105,10025,13,'2024-04-03 17:44:53','力传感器超过阈值',2,47.9,0,NULL,NULL),(1106,10025,13,'2024-04-03 17:44:54','力传感器超过阈值',2,47.9,0,NULL,NULL),(1107,10025,13,'2024-04-03 17:44:56','力传感器超过阈值',2,47.9,0,NULL,NULL),(1108,10025,13,'2024-04-03 17:44:57','力传感器超过阈值',2,47.9,0,NULL,NULL),(1109,10025,13,'2024-04-03 17:44:59','力传感器超过阈值',2,47.9,0,NULL,NULL),(1110,10025,13,'2024-04-03 17:45:01','力传感器超过阈值',2,47.9,0,NULL,NULL),(1111,10025,13,'2024-04-03 17:45:02','力传感器超过阈值',2,47.9,0,NULL,NULL),(1112,10025,13,'2024-04-03 17:45:04','力传感器超过阈值',2,47.9,0,NULL,NULL),(1113,10025,13,'2024-04-03 17:45:05','力传感器超过阈值',2,47.9,0,NULL,NULL),(1114,10025,13,'2024-04-03 17:45:07','力传感器超过阈值',2,47.8,0,NULL,NULL),(1115,10025,13,'2024-04-03 17:45:08','力传感器超过阈值',2,47.9,0,NULL,NULL),(1116,10025,13,'2024-04-03 17:45:10','力传感器超过阈值',2,47.8,0,NULL,NULL),(1117,10025,13,'2024-04-03 17:45:11','力传感器超过阈值',2,47.9,0,NULL,NULL),(1118,10025,13,'2024-04-03 17:45:13','力传感器超过阈值',2,48,0,NULL,NULL),(1119,10025,13,'2024-04-03 17:48:30','力传感器超过阈值',2,47.9,0,NULL,NULL),(1120,10025,13,'2024-04-03 17:48:32','力传感器超过阈值',2,47.9,0,NULL,NULL),(1121,10025,13,'2024-04-03 17:48:33','力传感器超过阈值',2,47.9,0,NULL,NULL),(1122,10025,13,'2024-04-03 17:48:35','力传感器超过阈值',2,47.9,0,NULL,NULL),(1123,10025,13,'2024-04-03 17:48:36','力传感器超过阈值',2,47.9,0,NULL,NULL),(1124,10025,13,'2024-04-03 17:48:38','力传感器超过阈值',2,47.9,0,NULL,NULL),(1125,10025,13,'2024-04-03 17:48:39','力传感器超过阈值',2,47.9,0,NULL,NULL),(1126,10025,13,'2024-04-03 17:48:41','力传感器超过阈值',2,47.8,0,NULL,NULL),(1127,10025,13,'2024-04-03 17:48:42','力传感器超过阈值',2,47.9,0,NULL,NULL),(1128,10025,13,'2024-04-03 17:48:44','力传感器超过阈值',2,47.9,0,NULL,NULL),(1129,10025,13,'2024-04-03 17:48:46','力传感器超过阈值',2,47.9,0,NULL,NULL),(1130,10025,13,'2024-04-03 17:48:47','力传感器超过阈值',2,48,0,NULL,NULL),(1131,10025,13,'2024-04-03 17:48:49','力传感器超过阈值',2,47.9,0,NULL,NULL),(1132,10025,13,'2024-04-03 17:48:50','力传感器超过阈值',2,47.9,0,NULL,NULL),(1133,10025,13,'2024-04-03 17:48:52','力传感器超过阈值',2,47.8,0,NULL,NULL),(1134,10025,13,'2024-04-03 17:48:53','力传感器超过阈值',2,47.9,0,NULL,NULL),(1135,10025,13,'2024-04-03 17:48:55','力传感器超过阈值',2,48,0,NULL,NULL),(1136,10025,13,'2024-04-03 17:48:56','力传感器超过阈值',2,47.9,0,NULL,NULL),(1137,10025,13,'2024-04-03 17:48:58','力传感器超过阈值',2,47.9,0,NULL,NULL),(1138,10025,13,'2024-04-03 17:48:59','力传感器超过阈值',2,47.9,0,NULL,NULL),(1139,10025,13,'2024-04-03 17:49:01','力传感器超过阈值',2,47.9,0,NULL,NULL),(1140,10025,13,'2024-04-03 17:49:02','力传感器超过阈值',2,47.9,0,NULL,NULL),(1141,10025,13,'2024-04-03 17:49:04','力传感器超过阈值',2,47.9,0,NULL,NULL),(1142,10025,13,'2024-04-03 17:49:05','力传感器超过阈值',2,47.9,0,NULL,NULL),(1143,10025,13,'2024-04-03 17:55:49','力传感器超过阈值',2,47.8,0,NULL,NULL),(1144,10025,13,'2024-04-03 17:55:51','力传感器超过阈值',2,47.9,0,NULL,NULL),(1145,10025,13,'2024-04-03 17:55:52','力传感器超过阈值',2,47.8,0,NULL,NULL),(1146,10025,13,'2024-04-03 17:55:54','力传感器超过阈值',2,47.8,0,NULL,NULL),(1147,10025,13,'2024-04-03 17:55:55','力传感器超过阈值',2,47.8,0,NULL,NULL),(1148,10025,13,'2024-04-03 17:55:57','力传感器超过阈值',2,47.9,0,NULL,NULL),(1149,10025,13,'2024-04-03 17:55:58','力传感器超过阈值',2,47.9,0,NULL,NULL),(1150,10025,13,'2024-04-03 17:56:00','力传感器超过阈值',2,47.9,0,NULL,NULL),(1151,10025,13,'2024-04-03 17:56:01','力传感器超过阈值',2,47.9,0,NULL,NULL),(1152,10025,13,'2024-04-03 17:56:03','力传感器超过阈值',2,47.9,0,NULL,NULL),(1153,10025,13,'2024-04-03 17:56:04','力传感器超过阈值',2,47.9,0,NULL,NULL),(1154,10025,13,'2024-04-03 17:56:06','力传感器超过阈值',2,47.9,0,NULL,NULL),(1155,10025,13,'2024-04-03 17:56:08','力传感器超过阈值',2,47.9,0,NULL,NULL),(1156,10025,13,'2024-04-03 17:56:09','力传感器超过阈值',2,47.8,0,NULL,NULL),(1157,10025,13,'2024-04-03 17:56:11','力传感器超过阈值',2,47.9,0,NULL,NULL),(1158,10025,13,'2024-04-03 17:56:12','力传感器超过阈值',2,47.8,0,NULL,NULL),(1159,10025,13,'2024-04-03 17:56:14','力传感器超过阈值',2,47.9,0,NULL,NULL),(1160,10025,13,'2024-04-03 17:56:15','力传感器超过阈值',2,47.9,0,NULL,NULL),(1161,10025,13,'2024-04-03 17:56:17','力传感器超过阈值',2,47.8,0,NULL,NULL),(1162,10025,13,'2024-04-03 17:56:18','力传感器超过阈值',2,47.8,1,'2024-04-04 12:51:07','知晓'),(1163,10025,13,'2024-04-03 17:56:20','力传感器超过阈值',2,47.9,0,NULL,NULL),(1164,10025,13,'2024-04-04 17:04:37','力传感器超过阈值',2,11.3,0,NULL,NULL),(1165,10025,13,'2024-04-04 17:04:41','力传感器超过阈值',2,11.3,0,NULL,NULL),(1166,10025,13,'2024-04-04 17:04:44','力传感器超过阈值',2,12.3,0,NULL,NULL),(1167,10025,13,'2024-04-04 17:04:50','力传感器超过阈值',2,12.6,0,NULL,NULL),(1168,10025,13,'2024-04-04 17:04:53','力传感器超过阈值',2,14.6,0,NULL,NULL),(1169,10025,13,'2024-04-04 17:04:58','力传感器超过阈值',2,12.6,0,NULL,NULL),(1170,10025,13,'2024-04-04 17:05:01','力传感器超过阈值',2,13.2,0,NULL,NULL),(1171,10025,13,'2024-04-04 17:05:05','力传感器超过阈值',2,15.2,0,NULL,NULL),(1172,10025,13,'2024-04-04 17:05:10','力传感器超过阈值',2,16.2,0,NULL,NULL),(1173,10025,13,'2024-04-04 17:05:14','力传感器超过阈值',2,17.3,0,NULL,NULL),(1174,10025,13,'2024-04-04 17:05:14','力传感器超过阈值',2,17.3,0,NULL,NULL),(1175,10025,13,'2024-04-04 17:05:20','力传感器超过阈值',2,14.3,0,NULL,NULL),(1176,10025,13,'2024-04-04 17:05:23','力传感器超过阈值',2,16.3,0,NULL,NULL),(1177,10025,13,'2024-04-04 17:05:26','力传感器超过阈值',2,21.3,0,NULL,NULL),(1178,10025,13,'2024-04-04 17:05:29','力传感器超过阈值',2,22.3,0,NULL,NULL),(1179,10025,13,'2024-04-04 17:05:32','力传感器超过阈值',2,24.3,0,NULL,NULL),(1180,10025,13,'2024-04-04 17:05:35','力传感器超过阈值',2,24.3,0,NULL,NULL),(1181,10025,13,'2024-04-04 17:05:36','力传感器超过阈值',2,24.3,0,NULL,NULL),(1182,10025,13,'2024-04-04 17:05:39','力传感器超过阈值',2,23.3,0,NULL,NULL),(1183,10025,13,'2024-04-04 17:05:41','力传感器超过阈值',2,23.5,0,NULL,NULL),(1184,10025,13,'2024-04-04 17:05:47','力传感器超过阈值',2,24.3,0,NULL,NULL),(1185,10025,13,'2024-04-04 17:05:50','力传感器超过阈值',2,24.2,0,NULL,NULL),(1186,10025,13,'2024-04-04 17:13:43','力传感器超过阈值',2,25.2,1,'2024-04-04 17:45:15','清除'),(1187,10025,13,'2024-04-04 17:13:58','力传感器超过阈值',2,25.2,0,NULL,NULL),(1188,10025,13,'2024-04-06 16:28:09','力传感器超过阈值',2,-0.4,0,NULL,NULL),(1189,10025,13,'2024-04-06 16:31:28','力传感器超过阈值',2,-0.5,0,NULL,NULL),(1190,10025,13,'2024-04-06 16:32:02','力传感器超过阈值',2,-0.3,0,NULL,NULL),(1191,10025,13,'2024-04-06 16:32:36','力传感器超过阈值',2,-0.1,0,NULL,NULL),(1192,10025,13,'2024-04-06 16:33:22','力传感器超过阈值',2,-0.1,0,NULL,NULL),(1193,10025,13,'2024-04-06 16:34:13','力传感器超过阈值',2,-0.1,0,NULL,NULL),(1194,10025,13,'2024-04-06 16:36:24','力传感器超过阈值',2,-0.2,0,NULL,NULL),(1195,10025,13,'2024-04-06 16:51:34','力传感器超过阈值',2,-0.8,0,NULL,NULL),(1196,10025,13,'2024-04-06 21:39:19','力传感器超过阈值',2,25.2,0,NULL,NULL);
/*!40000 ALTER TABLE `t_sensor_alarm_records` ENABLE KEYS */;
UNLOCK TABLES;

--
-- Table structure for table `t_sensor_data`
--

DROP TABLE IF EXISTS `t_sensor_data`;
/*!40101 SET @saved_cs_client     = @@character_set_client */;
/*!50503 SET character_set_client = utf8mb4 */;
CREATE TABLE `t_sensor_data` (
  `sid` int NOT NULL AUTO_INCREMENT COMMENT '自增ID',
  `device_id` int DEFAULT NULL COMMENT '设备ID，关联设备表中的设备',
  `field_id` int DEFAULT NULL COMMENT '数据字段ID，关联数据字段表中的数据字段',
  `value_num` double DEFAULT NULL COMMENT '数值型数据值，如果该字段不可选定数值，则为空',
  `value_str` varchar(30) DEFAULT NULL COMMENT '字符串型数据值，如果该字段不可选定数值，则存储字符串型数据值',
  `update_time` datetime DEFAULT NULL COMMENT '数据更新的时间戳',
  PRIMARY KEY (`sid`)
) ENGINE=InnoDB AUTO_INCREMENT=2059 DEFAULT CHARSET=utf8mb4 COLLATE=utf8mb4_0900_ai_ci;
/*!40101 SET character_set_client = @saved_cs_client */;

--
-- Dumping data for table `t_sensor_data`
--

LOCK TABLES `t_sensor_data` WRITE;
/*!40000 ALTER TABLE `t_sensor_data` DISABLE KEYS */;
INSERT INTO `t_sensor_data` VALUES (30,10000,3,32.1,NULL,'2024-03-01 13:48:23'),(32,10000,3,26.1,NULL,'2024-03-01 13:49:59'),(34,10000,3,24.1,NULL,'2024-03-01 13:50:08'),(36,10000,3,17.1,NULL,'2024-03-01 13:50:23'),(38,10000,3,17.3,NULL,'2024-03-01 13:50:30'),(40,10000,3,14.3,NULL,'2024-03-01 13:50:37'),(42,10000,3,21.3,NULL,'2024-03-01 13:50:43'),(44,10000,3,15.3,NULL,'2024-03-01 13:50:52'),(46,10000,3,28.3,NULL,'2024-03-01 13:51:05'),(48,10000,3,21.3,NULL,'2024-03-01 13:51:11'),(50,10000,3,25.3,NULL,'2024-03-01 14:00:36'),(52,10000,3,25.3,NULL,'2024-03-01 14:37:48'),(54,10000,3,26.3,NULL,'2024-03-01 14:38:39'),(56,10000,3,26.3,NULL,'2024-03-01 14:45:38'),(58,10000,3,21.3,NULL,'2024-03-01 14:46:57'),(60,10000,3,26.3,NULL,'2024-03-01 14:47:17'),(62,10000,3,22.3,NULL,'2024-03-01 14:47:23'),(64,10000,3,21.3,NULL,'2024-03-01 14:47:31'),(66,10000,3,21.3,NULL,'2024-03-01 14:50:40'),(68,10000,3,21.3,NULL,'2024-03-01 14:51:26'),(70,10000,3,25.3,NULL,'2024-03-01 14:52:23'),(72,10000,3,25.3,NULL,'2024-03-01 14:53:55'),(74,10000,3,45.3,NULL,'2024-03-01 14:55:22'),(76,10000,3,45.3,NULL,'2024-03-01 14:57:23'),(78,10000,3,28.3,NULL,'2024-03-01 14:58:09'),(80,10000,3,28.3,NULL,'2024-03-01 14:58:45'),(82,10000,3,28.3,NULL,'2024-03-01 14:58:53'),(84,10000,3,26.3,NULL,'2024-03-01 14:58:57'),(86,10000,3,18.3,NULL,'2024-03-01 15:00:29'),(88,10000,3,18.3,NULL,'2024-03-01 15:00:57'),(90,10000,3,18.3,NULL,'2024-03-01 21:46:54'),(92,10000,3,18.3,NULL,'2024-03-02 17:17:26'),(102,10000,3,16.3,NULL,'2024-03-03 18:43:44'),(108,10000,3,16.3,NULL,'2024-03-03 18:46:02'),(110,10000,3,16.3,NULL,'2024-03-03 18:46:23'),(112,10000,3,16.3,NULL,'2024-03-03 18:47:17'),(118,10000,3,36.3,NULL,'2024-03-03 22:53:41'),(132,10000,3,16.3,NULL,'2024-03-03 23:07:02'),(134,10000,3,16.3,NULL,'2024-03-03 23:08:15'),(138,10000,3,16.3,NULL,'2024-03-03 23:11:38'),(144,10000,3,16.3,NULL,'2024-03-03 23:12:40'),(146,10000,3,36.3,NULL,'2024-03-03 23:14:38'),(150,10000,3,241.3,NULL,'2024-03-06 13:33:20'),(152,10000,3,141.3,NULL,'2024-03-06 13:34:32'),(154,10000,3,41.3,NULL,'2024-03-06 20:02:55'),(156,10000,3,41.3,NULL,'2024-03-07 16:10:30'),(158,10000,3,41.3,NULL,'2024-03-07 16:11:40'),(160,10000,3,41.3,NULL,'2024-03-07 16:19:58'),(162,10000,3,41.3,NULL,'2024-03-07 16:21:15'),(164,10000,3,61.3,NULL,'2024-03-07 16:25:12'),(166,10000,3,21.3,NULL,'2024-03-07 16:26:54'),(168,10000,3,21.3,NULL,'2024-03-07 16:27:03'),(170,10000,3,21.3,NULL,'2024-03-07 16:28:31'),(172,10000,3,21.3,NULL,'2024-03-07 17:19:07'),(174,10000,3,21.3,NULL,'2024-03-07 17:29:40'),(176,10000,3,21.3,NULL,'2024-03-07 17:29:53'),(186,10000,3,22.3,NULL,'2024-03-14 20:00:38'),(188,10000,3,52.3,NULL,'2024-03-14 20:01:23'),(190,10000,3,52.3,NULL,'2024-03-14 20:03:11'),(192,10000,3,52.3,NULL,'2024-03-27 23:53:41'),(194,10000,3,12.3,NULL,'2024-03-28 00:16:44'),(196,10000,3,12.3,NULL,'2024-03-28 00:20:25'),(198,10000,3,12.3,NULL,'2024-03-28 00:29:03'),(200,10000,3,32.3,NULL,'2024-03-28 00:30:41'),(202,10000,3,35.3,NULL,'2024-03-28 00:36:24'),(204,10000,3,35.3,NULL,'2024-03-31 23:56:13'),(206,10000,3,35.3,NULL,'2024-04-01 00:21:02'),(208,10025,13,2.3,NULL,'2024-04-01 00:31:50'),(209,10025,13,1.7,NULL,'2024-04-01 00:32:16'),(210,10025,13,1.2,'','2024-04-01 12:04:13'),(211,10025,13,1.2,'','2024-04-01 12:04:45'),(212,10025,13,1.2,'','2024-04-01 12:05:54'),(213,10025,13,11.3,NULL,'2024-04-01 15:01:13'),(214,10025,13,2,'','2024-04-01 15:28:18'),(215,10025,13,2,'','2024-04-01 15:29:57'),(216,10025,13,2,'','2024-04-01 15:31:02'),(217,10025,13,2,'','2024-04-01 15:32:22'),(218,10025,13,1.2,'','2024-04-01 15:32:24'),(219,10025,13,2,'','2024-04-01 15:33:17'),(220,10025,13,1.2,'','2024-04-01 15:33:18'),(221,10025,13,1.2,'','2024-04-01 15:33:20'),(222,10025,13,1.2,'','2024-04-01 15:33:22'),(223,10025,13,1.2,'','2024-04-01 15:33:24'),(224,10025,13,1.2,'','2024-04-01 15:33:26'),(225,10025,13,1.2,'','2024-04-01 15:33:29'),(226,10025,13,1.2,'','2024-04-01 15:33:30'),(227,10025,13,1.2,'','2024-04-01 15:33:33'),(228,10025,13,1.2,'','2024-04-01 15:33:34'),(229,10025,13,1.2,'','2024-04-01 15:33:36'),(230,10025,13,1.2,'','2024-04-01 15:33:39'),(231,10025,13,1.2,'','2024-04-01 15:33:41'),(232,10025,13,1.2,'','2024-04-01 15:33:43'),(233,10025,13,1.2,'','2024-04-01 15:33:45'),(234,10025,13,1.2,'','2024-04-01 15:33:47'),(235,10025,13,1.2,'','2024-04-01 15:33:49'),(236,10025,13,1.2,'','2024-04-01 15:33:51'),(237,10025,13,1.2,'','2024-04-01 15:33:53'),(238,10025,13,2,'','2024-04-01 15:34:11'),(239,10025,13,1.2,'','2024-04-01 15:34:13'),(240,10025,13,1.2,'','2024-04-01 15:34:15'),(241,10025,13,1.2,'','2024-04-01 15:34:17'),(242,10025,13,1.2,'','2024-04-01 15:34:19'),(243,10025,13,1.2,'','2024-04-01 15:34:21'),(244,10025,13,1.2,'','2024-04-01 15:34:23'),(245,10025,13,1.2,'','2024-04-01 15:34:25'),(246,10025,13,1.2,'','2024-04-01 15:34:27'),(247,10025,13,1.2,'','2024-04-01 15:34:29'),(248,10025,13,1.2,'','2024-04-01 15:34:31'),(249,10025,13,1.2,'','2024-04-01 15:34:33'),(250,10025,13,1.2,'','2024-04-01 15:34:35'),(251,10025,13,1.2,'','2024-04-01 15:34:37'),(252,10025,13,1.2,'','2024-04-01 15:34:39'),(253,10025,13,2,'','2024-04-01 15:34:59'),(254,10025,13,2,'','2024-04-01 15:36:12'),(255,10025,13,1.2,'','2024-04-01 15:36:14'),(256,10025,13,1.2,'','2024-04-01 15:36:15'),(257,10025,13,1.2,'','2024-04-01 15:36:16'),(258,10025,13,1.2,'','2024-04-01 15:36:17'),(259,10025,13,1.2,'','2024-04-01 15:36:18'),(260,10025,13,1.2,'','2024-04-01 15:36:19'),(261,10025,13,1.2,'','2024-04-01 15:36:20'),(262,10025,13,1.2,'','2024-04-01 15:36:21'),(263,10025,13,1.2,'','2024-04-01 15:36:22'),(264,10025,13,1.2,'','2024-04-01 15:36:23'),(265,10025,13,1.2,'','2024-04-01 15:36:24'),(266,10025,13,1.2,'','2024-04-01 15:36:25'),(267,10025,13,1.2,'','2024-04-01 15:36:26'),(268,10025,13,1.2,'','2024-04-01 15:36:27'),(269,10025,13,1.2,'','2024-04-01 15:36:28'),(270,10025,13,1.2,'','2024-04-01 15:36:29'),(271,10025,13,1.2,'','2024-04-01 15:36:30'),(272,10025,13,1.2,'','2024-04-01 15:36:31'),(273,10025,13,1.2,'','2024-04-01 15:36:32'),(274,10025,13,1.2,'','2024-04-01 15:36:33'),(275,10025,13,1.2,'','2024-04-01 15:36:34'),(276,10025,13,1.2,'','2024-04-01 15:36:35'),(277,10025,13,1.2,'','2024-04-01 15:36:36'),(278,10025,13,1.2,'','2024-04-01 15:36:37'),(279,10025,13,1.2,'','2024-04-01 15:36:38'),(280,10025,13,1.2,'','2024-04-01 15:36:39'),(281,10025,13,1.2,'','2024-04-01 15:36:40'),(282,10025,13,1.2,'','2024-04-01 15:36:41'),(283,10025,13,1.2,'','2024-04-01 15:36:42'),(284,10025,13,1.2,'','2024-04-01 15:36:43'),(285,10025,13,1.2,'','2024-04-01 15:36:44'),(286,10025,13,1.2,'','2024-04-01 15:36:45'),(287,10025,13,1.2,'','2024-04-01 15:36:46'),(288,10025,13,1.2,'','2024-04-01 15:36:47'),(289,10025,13,1.2,'','2024-04-01 15:36:48'),(290,10025,13,1.2,'','2024-04-01 15:36:49'),(291,10025,13,1.2,'','2024-04-01 15:36:50'),(292,10025,13,1.2,'','2024-04-01 15:36:51'),(293,10025,13,1.2,'','2024-04-01 15:36:52'),(294,10025,13,1.2,'','2024-04-01 15:36:53'),(295,10025,13,1.2,'','2024-04-01 15:36:54'),(296,10025,13,1.2,'','2024-04-01 15:36:55'),(297,10025,13,1.2,'','2024-04-01 15:36:56'),(298,10025,13,1.2,'','2024-04-01 15:36:57'),(299,10025,13,1.2,'','2024-04-01 15:36:58'),(300,10025,13,1.2,'','2024-04-01 15:36:59'),(301,10025,13,1.2,'','2024-04-01 15:37:00'),(302,10025,13,1.2,'','2024-04-01 15:37:01'),(303,10025,13,1.2,'','2024-04-01 15:37:02'),(304,10025,13,1.2,'','2024-04-01 15:37:03'),(305,10025,13,1.2,'','2024-04-01 15:37:04'),(306,10025,13,1.2,'','2024-04-01 15:37:05'),(307,10025,13,1.2,'','2024-04-01 15:37:06'),(308,10025,13,1.2,'','2024-04-01 15:37:07'),(309,10025,13,1.2,'','2024-04-01 15:37:08'),(310,10025,13,1.2,'','2024-04-01 15:37:09'),(311,10025,13,1.2,'','2024-04-01 15:37:10'),(312,10025,13,1.2,'','2024-04-01 15:37:11'),(313,10025,13,1.2,'','2024-04-01 15:37:12'),(314,10025,13,1.2,'','2024-04-01 15:37:13'),(315,10025,13,1.2,'','2024-04-01 15:37:15'),(316,10025,13,1.2,'','2024-04-01 15:37:16'),(317,10025,13,1.2,'','2024-04-01 15:37:16'),(318,10025,13,1.2,'','2024-04-01 15:37:17'),(319,10025,13,1.2,'','2024-04-01 15:37:18'),(320,10025,13,1.2,'','2024-04-01 15:37:20'),(321,10025,13,1.2,'','2024-04-01 15:37:21'),(322,10025,13,1.2,'','2024-04-01 15:37:22'),(323,10025,13,1.2,'','2024-04-01 15:37:23'),(324,10025,13,1.2,'','2024-04-01 15:37:24'),(325,10025,13,1.2,'','2024-04-01 15:37:25'),(326,10025,13,1.2,'','2024-04-01 15:37:26'),(327,10025,13,1.2,'','2024-04-01 15:37:27'),(328,10025,13,1.2,'','2024-04-01 15:37:28'),(329,10025,13,1.2,'','2024-04-01 15:37:29'),(330,10025,13,1.2,'','2024-04-01 15:37:30'),(331,10025,13,1.2,'','2024-04-01 15:37:31'),(332,10025,13,1.2,'','2024-04-01 15:37:32'),(333,10025,13,1.2,'','2024-04-01 15:37:33'),(334,10025,13,1.2,'','2024-04-01 15:37:34'),(335,10025,13,1.2,'','2024-04-01 15:37:35'),(336,10025,13,1.2,'','2024-04-01 15:37:36'),(337,10025,13,1.2,'','2024-04-01 15:37:37'),(338,10025,13,1.2,'','2024-04-01 15:37:38'),(339,10025,13,1.2,'','2024-04-01 15:37:39'),(340,10025,13,1.2,'','2024-04-01 15:37:40'),(341,10025,13,1.2,'','2024-04-01 15:37:41'),(342,10025,13,1.2,'','2024-04-01 15:37:42'),(343,10025,13,1.2,'','2024-04-01 15:37:43'),(344,10025,13,1.2,'','2024-04-01 15:37:44'),(345,10025,13,1.2,'','2024-04-01 15:37:45'),(346,10025,13,1.2,'','2024-04-01 15:37:46'),(347,10025,13,1.2,'','2024-04-01 15:37:47'),(348,10025,13,1.2,'','2024-04-01 15:37:48'),(349,10025,13,1.2,'','2024-04-01 15:37:49'),(350,10025,13,1.2,'','2024-04-01 15:37:50'),(351,10025,13,1.2,'','2024-04-01 15:37:51'),(352,10025,13,1.2,'','2024-04-01 15:37:52'),(353,10025,13,1.2,'','2024-04-01 15:37:53'),(354,10025,13,1.2,'','2024-04-01 15:37:54'),(355,10025,13,1.2,'','2024-04-01 15:37:55'),(356,10025,13,1.2,'','2024-04-01 15:37:56'),(357,10025,13,1.2,'','2024-04-01 15:37:57'),(358,10025,13,1.2,'','2024-04-01 15:37:58'),(359,10025,13,1.2,'','2024-04-01 15:37:59'),(360,10025,13,1.2,'','2024-04-01 15:38:00'),(361,10025,13,1.2,'','2024-04-01 15:38:01'),(362,10025,13,1.2,'','2024-04-01 15:38:02'),(363,10025,13,1.2,'','2024-04-01 15:38:03'),(364,10025,13,1.2,'','2024-04-01 15:38:04'),(365,10025,13,1.2,'','2024-04-01 15:38:05'),(366,10025,13,1.2,'','2024-04-01 15:38:06'),(367,10025,13,1.2,'','2024-04-01 15:38:07'),(368,10025,13,1.2,'','2024-04-01 15:38:08'),(369,10025,13,1.2,'','2024-04-01 15:38:09'),(370,10025,13,1.2,'','2024-04-01 15:38:10'),(371,10025,13,1.2,'','2024-04-01 15:38:11'),(372,10025,13,1.2,'','2024-04-01 15:38:12'),(373,10025,13,1.2,'','2024-04-01 15:38:13'),(374,10025,13,1.2,'','2024-04-01 15:38:14'),(375,10025,13,1.2,'','2024-04-01 15:38:15'),(376,10025,13,1.2,'','2024-04-01 15:38:16'),(377,10025,13,1.2,'','2024-04-01 15:38:17'),(378,10025,13,1.2,'','2024-04-01 15:38:18'),(379,10025,13,1.2,'','2024-04-01 15:38:19'),(380,10025,13,1.2,'','2024-04-01 15:38:20'),(381,10025,13,1.2,'','2024-04-01 15:38:21'),(382,10025,13,1.2,'','2024-04-01 15:38:22'),(383,10025,13,1.2,'','2024-04-01 15:38:23'),(384,10025,13,1.2,'','2024-04-01 15:38:24'),(385,10025,13,1.2,'','2024-04-01 15:38:25'),(386,10025,13,1.2,'','2024-04-01 15:38:26'),(387,10025,13,1.2,'','2024-04-01 15:38:27'),(388,10025,13,1.2,'','2024-04-01 15:38:28'),(389,10025,13,1.2,'','2024-04-01 15:38:29'),(390,10025,13,1.2,'','2024-04-01 15:38:30'),(391,10025,13,1.2,'','2024-04-01 15:38:31'),(392,10025,13,1.2,'','2024-04-01 15:38:32'),(393,10025,13,1.2,'','2024-04-01 15:38:33'),(394,10025,13,1.2,'','2024-04-01 15:38:34'),(395,10025,13,1.2,'','2024-04-01 15:38:35'),(396,10025,13,1.2,'','2024-04-01 15:38:38'),(397,10025,13,1.2,'','2024-04-01 15:38:38'),(398,10025,13,1.2,'','2024-04-01 15:38:38'),(399,10025,13,1.2,'','2024-04-01 15:38:39'),(400,10025,13,1.2,'','2024-04-01 15:38:40'),(401,10025,13,1.2,'','2024-04-01 15:38:41'),(402,10025,13,1.2,'','2024-04-01 15:38:42'),(403,10025,13,1.2,'','2024-04-01 15:38:43'),(404,10025,13,1.2,'','2024-04-01 15:38:45'),(405,10025,13,1.2,'','2024-04-01 15:38:45'),(406,10025,13,1.2,'','2024-04-01 15:38:46'),(407,10025,13,1.2,'','2024-04-01 15:38:47'),(408,10025,13,1.2,'','2024-04-01 15:38:48'),(409,10025,13,1.2,'','2024-04-01 15:38:49'),(410,10025,13,1.2,'','2024-04-01 15:38:50'),(411,10025,13,1.2,'','2024-04-01 15:38:51'),(412,10025,13,1.2,'','2024-04-01 15:38:53'),(413,10025,13,1.2,'','2024-04-01 15:38:53'),(414,10025,13,1.2,'','2024-04-01 15:38:55'),(415,10025,13,1.2,'','2024-04-01 15:38:55'),(416,10025,13,1.2,'','2024-04-01 15:38:57'),(417,10025,13,1.2,'','2024-04-01 15:38:58'),(418,10025,13,1.2,'','2024-04-01 15:38:58'),(419,10025,13,1.2,'','2024-04-01 15:39:00'),(420,10025,13,1.2,'','2024-04-01 15:39:01'),(421,10025,13,1.2,'','2024-04-01 15:39:02'),(422,10025,13,1.2,'','2024-04-01 15:39:03'),(423,10025,13,1.2,'','2024-04-01 15:39:04'),(424,10025,13,1.2,'','2024-04-01 15:39:05'),(425,10025,13,1.2,'','2024-04-01 15:39:06'),(426,10025,13,1.2,'','2024-04-01 15:39:07'),(427,10025,13,1.2,'','2024-04-01 15:39:08'),(428,10025,13,1.2,'','2024-04-01 15:39:09'),(429,10025,13,1.2,'','2024-04-01 15:39:10'),(430,10025,13,1.2,'','2024-04-01 15:39:11'),(431,10025,13,1.2,'','2024-04-01 15:39:12'),(432,10025,13,1.2,'','2024-04-01 15:39:13'),(433,10025,13,1.2,'','2024-04-01 15:39:14'),(434,10025,13,1.2,'','2024-04-01 15:39:15'),(435,10025,13,1.2,'','2024-04-01 15:39:16'),(436,10025,13,1.2,'','2024-04-01 15:39:17'),(437,10025,13,1.2,'','2024-04-01 15:39:18'),(438,10025,13,1.2,'','2024-04-01 15:39:19'),(439,10025,13,1.2,'','2024-04-01 15:39:20'),(440,10025,13,1.2,'','2024-04-01 15:39:21'),(441,10025,13,1.2,'','2024-04-01 15:39:22'),(442,10025,13,1.2,'','2024-04-01 15:39:23'),(443,10025,13,1.2,'','2024-04-01 15:39:24'),(444,10025,13,1.2,'','2024-04-01 15:39:25'),(445,10025,13,1.2,'','2024-04-01 15:39:26'),(446,10025,13,1.2,'','2024-04-01 15:39:27'),(447,10025,13,1.2,'','2024-04-01 15:39:28'),(448,10025,13,1.2,'','2024-04-01 15:39:29'),(449,10025,13,1.2,'','2024-04-01 15:39:30'),(450,10025,13,1.2,'','2024-04-01 15:39:31'),(451,10025,13,1.2,'','2024-04-01 15:39:32'),(452,10025,13,1.2,'','2024-04-01 15:39:33'),(453,10025,13,1.2,'','2024-04-01 15:39:34'),(454,10025,13,1.2,'','2024-04-01 15:39:35'),(455,10025,13,1.2,'','2024-04-01 15:39:36'),(456,10025,13,1.2,'','2024-04-01 15:39:37'),(457,10025,13,1.2,'','2024-04-01 15:39:38'),(458,10025,13,1.2,'','2024-04-01 15:39:39'),(459,10025,13,1.2,'','2024-04-01 15:39:40'),(460,10025,13,1.2,'','2024-04-01 15:39:41'),(461,10025,13,1.2,'','2024-04-01 15:39:42'),(462,10025,13,1.2,'','2024-04-01 15:39:43'),(463,10025,13,1.2,'','2024-04-01 15:39:44'),(464,10025,13,1.2,'','2024-04-01 15:39:45'),(465,10025,13,1.2,'','2024-04-01 15:39:46'),(466,10025,13,1.2,'','2024-04-01 15:39:47'),(467,10025,13,1.2,'','2024-04-01 15:39:48'),(468,10025,13,1.2,'','2024-04-01 15:39:49'),(469,10025,13,1.2,'','2024-04-01 15:39:50'),(470,10025,13,1.2,'','2024-04-01 15:39:51'),(471,10025,13,1.2,'','2024-04-01 15:39:52'),(472,10025,13,1.2,'','2024-04-01 15:39:53'),(473,10025,13,1.2,'','2024-04-01 15:39:54'),(474,10025,13,2,'','2024-04-01 15:41:25'),(475,10025,13,1.5,'','2024-04-01 15:41:47'),(476,10025,13,1.5,'','2024-04-01 15:41:48'),(477,10025,13,1.5,'','2024-04-01 15:41:49'),(478,10025,13,1.5,'','2024-04-01 15:41:50'),(479,10025,13,1.5,'','2024-04-01 15:41:51'),(480,10025,13,1.5,'','2024-04-01 15:41:52'),(481,10025,13,1.5,'','2024-04-01 15:41:53'),(482,10025,13,1.5,'','2024-04-01 15:41:54'),(483,10025,13,1.5,'','2024-04-01 15:41:56'),(484,10025,13,1.5,'','2024-04-01 15:41:57'),(485,10025,13,1.5,'','2024-04-01 15:41:58'),(486,10025,13,1.5,'','2024-04-01 15:41:58'),(487,10025,13,1.5,'','2024-04-01 15:41:59'),(488,10025,13,0.1,'','2024-04-01 16:27:19'),(489,10025,13,0.1,'','2024-04-01 16:27:37'),(490,10025,13,1.5,'','2024-04-01 16:27:39'),(491,10025,13,1.5,'','2024-04-01 16:27:40'),(492,10025,13,1.5,'','2024-04-01 16:27:42'),(493,10025,13,1.5,'','2024-04-01 16:27:43'),(494,10025,13,1.5,'','2024-04-01 16:27:45'),(495,10025,13,1.5,'','2024-04-01 16:27:46'),(496,10025,13,1.5,'','2024-04-01 16:27:48'),(497,10025,13,1.5,'','2024-04-01 16:27:49'),(498,10025,13,1.5,'','2024-04-01 16:27:51'),(499,10025,13,1.5,'','2024-04-01 16:27:52'),(500,10025,13,0.2,'','2024-04-01 16:27:54'),(501,10025,13,0.1,'','2024-04-01 16:27:56'),(502,10025,13,1.5,'','2024-04-01 16:27:58'),(503,10025,13,1.5,'','2024-04-01 16:27:59'),(504,10025,13,1.5,'','2024-04-01 16:28:01'),(505,10025,13,1.5,'','2024-04-01 16:28:02'),(506,10025,13,1.5,'','2024-04-01 16:28:04'),(507,10025,13,1.5,'','2024-04-01 16:28:05'),(508,10025,13,1.5,'','2024-04-01 16:28:07'),(509,10025,13,1.5,'','2024-04-01 16:28:08'),(510,10025,13,1.5,'','2024-04-01 16:28:10'),(511,10025,13,1.5,'','2024-04-01 16:28:11'),(512,10025,13,0.1,'','2024-04-01 16:30:46'),(513,10025,13,0.1,'','2024-04-01 16:40:35'),(514,10025,13,47.9,'','2024-04-01 16:40:36'),(515,10025,13,47.9,'','2024-04-01 16:40:38'),(516,10025,13,47.9,'','2024-04-01 16:40:39'),(517,10025,13,47.9,'','2024-04-01 16:40:41'),(518,10025,13,47.9,'','2024-04-01 16:40:42'),(519,10025,13,47.9,'','2024-04-01 16:40:44'),(520,10025,13,47.9,'','2024-04-01 16:40:45'),(521,10025,13,47.9,'','2024-04-01 16:40:47'),(522,10025,13,47.8,'','2024-04-01 16:40:48'),(523,10025,13,47.9,'','2024-04-01 16:40:50'),(524,10025,13,47.9,'','2024-04-01 16:40:51'),(525,10025,13,47.8,'','2024-04-01 16:40:53'),(526,10025,13,47.9,'','2024-04-01 16:40:54'),(527,10025,13,47.9,'','2024-04-01 16:40:56'),(528,10025,13,47.9,'','2024-04-01 16:40:58'),(529,10025,13,47.9,'','2024-04-01 16:40:59'),(530,10025,13,47.9,'','2024-04-01 16:41:01'),(531,10025,13,47.9,'','2024-04-01 16:41:02'),(532,10025,13,47.9,'','2024-04-01 16:41:04'),(533,10025,13,47.9,'','2024-04-01 16:41:05'),(534,10025,13,47.8,'','2024-04-01 16:41:07'),(535,10025,13,47.9,'','2024-04-01 16:41:08'),(536,10025,13,47.9,'','2024-04-01 16:41:10'),(537,10025,13,47.9,'','2024-04-01 16:41:11'),(538,10025,13,47.9,'','2024-04-01 16:41:13'),(539,10025,13,47.9,'','2024-04-01 16:41:14'),(540,10025,13,47.8,'','2024-04-01 16:41:16'),(541,10025,13,47.9,'','2024-04-01 16:41:17'),(542,10025,13,47.9,'','2024-04-01 16:41:19'),(543,10025,13,47.9,'','2024-04-01 16:41:21'),(544,10025,13,47.9,'','2024-04-01 16:41:22'),(545,10025,13,47.9,'','2024-04-01 16:41:24'),(546,10025,13,47.8,'','2024-04-01 16:41:25'),(547,10025,13,47.9,'','2024-04-01 16:41:27'),(548,10025,13,47.8,'','2024-04-01 16:41:28'),(549,10025,13,47.9,'','2024-04-01 16:41:30'),(550,10025,13,47.9,'','2024-04-01 16:41:31'),(551,10025,13,47.9,'','2024-04-01 16:41:33'),(552,10025,13,47.9,'','2024-04-01 16:41:34'),(553,10025,13,47.9,'','2024-04-01 16:41:36'),(554,10025,13,47.9,'','2024-04-01 16:41:37'),(555,10025,13,47.8,'','2024-04-01 16:41:39'),(556,10025,13,47.9,'','2024-04-01 16:41:41'),(557,10025,13,47.9,'','2024-04-01 16:41:42'),(558,10025,13,47.9,'','2024-04-01 16:41:44'),(559,10025,13,47.9,'','2024-04-01 16:41:45'),(560,10025,13,47.8,'','2024-04-01 16:41:47'),(561,10025,13,47.9,'','2024-04-01 16:41:48'),(562,10025,13,47.9,'','2024-04-01 16:41:50'),(563,10025,13,47.9,'','2024-04-01 16:41:51'),(564,10025,13,47.9,'','2024-04-01 16:41:53'),(565,10025,13,47.9,'','2024-04-01 16:41:54'),(566,10025,13,47.8,'','2024-04-01 16:41:56'),(567,10025,13,47.8,'','2024-04-01 16:41:57'),(568,10025,13,47.9,'','2024-04-01 16:41:59'),(569,10025,13,47.9,'','2024-04-01 16:42:00'),(570,10025,13,47.9,'','2024-04-01 16:42:02'),(571,10025,13,47.9,'','2024-04-01 16:42:04'),(572,10025,13,47.9,'','2024-04-01 16:42:05'),(573,10025,13,47.9,'','2024-04-01 16:42:07'),(574,10025,13,47.9,'','2024-04-01 16:42:08'),(575,10025,13,47.9,'','2024-04-01 16:42:10'),(576,10025,13,47.9,'','2024-04-01 16:42:11'),(577,10025,13,47.8,'','2024-04-01 16:42:13'),(578,10025,13,47.9,'','2024-04-01 16:42:14'),(579,10025,13,47.9,'','2024-04-01 16:42:16'),(580,10025,13,47.9,'','2024-04-01 16:42:17'),(581,10025,13,47.9,'','2024-04-01 16:42:19'),(582,10025,13,47.8,'','2024-04-01 16:42:20'),(583,10025,13,47.9,'','2024-04-01 16:42:22'),(584,10025,13,47.8,'','2024-04-01 16:42:24'),(585,10025,13,47.8,'','2024-04-01 16:42:25'),(586,10025,13,0.2,'','2024-04-01 16:42:27'),(587,10025,13,0.1,'','2024-04-01 16:43:56'),(588,10025,13,47.8,'','2024-04-01 16:43:56'),(589,10025,13,47.9,'','2024-04-01 16:43:58'),(590,10025,13,47.8,'','2024-04-01 16:43:59'),(591,10025,13,47.9,'','2024-04-01 16:44:01'),(592,10025,13,47.9,'','2024-04-01 16:44:03'),(593,10025,13,47.9,'','2024-04-01 16:44:04'),(594,10025,13,47.9,'','2024-04-01 16:44:06'),(595,10025,13,47.9,'','2024-04-01 16:44:07'),(596,10025,13,47.9,'','2024-04-01 16:44:09'),(597,10025,13,47.9,'','2024-04-01 16:44:10'),(598,10025,13,48,'','2024-04-01 16:44:12'),(599,10025,13,47.8,'','2024-04-01 16:44:13'),(600,10025,13,48,'','2024-04-01 16:44:15'),(601,10025,13,47.9,'','2024-04-01 16:44:16'),(602,10025,13,47.8,'','2024-04-01 16:44:18'),(603,10025,13,47.8,'','2024-04-01 16:44:19'),(604,10025,13,47.9,'','2024-04-01 16:44:21'),(605,10025,13,47.9,'','2024-04-01 16:44:22'),(606,10025,13,47.9,'','2024-04-01 16:44:24'),(607,10025,13,47.9,'','2024-04-01 16:44:26'),(608,10025,13,47.9,'','2024-04-01 16:44:27'),(609,10025,13,47.9,'','2024-04-01 16:44:29'),(610,10025,13,47.9,'','2024-04-01 16:44:30'),(611,10025,13,47.9,'','2024-04-01 16:44:32'),(612,10025,13,47.9,'','2024-04-01 16:44:33'),(613,10025,13,47.9,'','2024-04-01 16:44:35'),(614,10025,13,47.9,'','2024-04-01 16:44:36'),(615,10025,13,47.9,'','2024-04-01 16:44:38'),(616,10025,13,47.8,'','2024-04-01 16:44:39'),(617,10025,13,47.9,'','2024-04-01 16:44:41'),(618,10025,13,47.8,'','2024-04-01 16:44:43'),(619,10025,13,47.8,'','2024-04-01 16:44:44'),(620,10025,13,47.9,'','2024-04-01 16:44:46'),(621,10025,13,47.8,'','2024-04-01 16:44:47'),(622,10025,13,47.9,'','2024-04-01 16:44:49'),(623,10025,13,47.8,'','2024-04-01 16:44:50'),(624,10025,13,48,'','2024-04-01 16:44:52'),(625,10025,13,47.8,'','2024-04-01 16:44:53'),(626,10025,13,47.9,'','2024-04-01 16:44:55'),(627,10025,13,47.9,'','2024-04-01 16:44:56'),(628,10025,13,47.9,'','2024-04-01 16:44:58'),(629,10025,13,47.9,'','2024-04-01 16:44:59'),(630,10025,13,47.9,'','2024-04-01 16:45:01'),(631,10025,13,47.9,'','2024-04-01 16:45:02'),(632,10025,13,47.9,'','2024-04-01 16:45:04'),(633,10025,13,47.9,'','2024-04-01 16:45:06'),(634,10025,13,47.8,'','2024-04-01 16:45:07'),(635,10025,13,47.9,'','2024-04-01 16:45:09'),(636,10025,13,47.9,'','2024-04-01 16:45:10'),(637,10025,13,47.9,'','2024-04-01 16:45:12'),(638,10025,13,47.8,'','2024-04-01 16:45:13'),(639,10025,13,48,'','2024-04-01 16:45:15'),(640,10025,13,47.9,'','2024-04-01 16:45:16'),(641,10025,13,47.9,'','2024-04-01 16:45:18'),(642,10025,13,48,'','2024-04-01 16:45:19'),(643,10025,13,47.9,'','2024-04-01 16:45:21'),(644,10025,13,47.9,'','2024-04-01 16:45:22'),(645,10025,13,47.9,'','2024-04-01 16:45:24'),(646,10025,13,47.9,'','2024-04-01 16:45:26'),(647,10025,13,47.9,'','2024-04-01 16:45:27'),(648,10025,13,48,'','2024-04-01 16:45:29'),(649,10025,13,47.9,'','2024-04-01 16:45:30'),(650,10025,13,47.8,'','2024-04-01 16:45:32'),(651,10025,13,47.9,'','2024-04-01 16:45:33'),(652,10025,13,47.8,'','2024-04-01 16:45:35'),(653,10025,13,47.9,'','2024-04-01 16:45:36'),(654,10025,13,48,'','2024-04-01 16:45:38'),(655,10025,13,47.9,'','2024-04-01 16:45:39'),(656,10025,13,47.8,'','2024-04-01 16:45:41'),(657,10025,13,47.8,'','2024-04-01 16:45:42'),(658,10025,13,48,'','2024-04-01 16:45:44'),(659,10025,13,47.9,'','2024-04-01 16:45:45'),(660,10025,13,47.9,'','2024-04-01 16:45:47'),(661,10025,13,47.8,'','2024-04-01 16:45:49'),(662,10025,13,47.8,'','2024-04-01 16:45:50'),(663,10025,13,47.9,'','2024-04-01 16:45:52'),(664,10025,13,47.9,'','2024-04-01 16:45:53'),(665,10025,13,47.9,'','2024-04-01 16:45:55'),(666,10025,13,47.9,'','2024-04-01 16:45:56'),(667,10025,13,47.9,'','2024-04-01 16:45:58'),(668,10025,13,47.8,'','2024-04-01 16:45:59'),(669,10025,13,47.9,'','2024-04-01 16:46:01'),(670,10025,13,47.9,'','2024-04-01 16:46:02'),(671,10025,13,47.8,'','2024-04-01 16:46:04'),(672,10025,13,47.9,'','2024-04-01 16:46:05'),(673,10025,13,47.9,'','2024-04-01 16:46:07'),(674,10025,13,47.9,'','2024-04-01 16:46:08'),(675,10025,13,47.8,'','2024-04-01 16:46:10'),(676,10025,13,47.8,'','2024-04-01 16:46:11'),(677,10025,13,47.9,'','2024-04-01 16:46:13'),(678,10025,13,47.9,'','2024-04-01 16:46:15'),(679,10025,13,47.9,'','2024-04-01 16:46:16'),(680,10025,13,47.9,'','2024-04-01 16:46:18'),(681,10025,13,47.8,'','2024-04-01 16:46:19'),(682,10025,13,47.9,'','2024-04-01 16:46:21'),(683,10025,13,47.9,'','2024-04-01 16:46:22'),(684,10025,13,47.8,'','2024-04-01 16:46:24'),(685,10025,13,47.9,'','2024-04-01 16:46:25'),(686,10025,13,47.8,'','2024-04-01 16:46:27'),(687,10025,13,47.9,'','2024-04-01 16:46:28'),(688,10025,13,47.9,'','2024-04-01 16:46:30'),(689,10025,13,47.9,'','2024-04-01 16:46:31'),(690,10025,13,47.9,'','2024-04-01 16:46:33'),(691,10025,13,47.9,'','2024-04-01 16:46:35'),(692,10025,13,48,'','2024-04-01 16:46:36'),(693,10025,13,47.9,'','2024-04-01 16:46:38'),(694,10025,13,47.9,'','2024-04-01 16:46:39'),(695,10025,13,47.8,'','2024-04-01 16:46:41'),(696,10025,13,47.8,'','2024-04-01 16:46:42'),(697,10025,13,47.9,'','2024-04-01 16:46:44'),(698,10025,13,47.8,'','2024-04-01 16:46:45'),(699,10025,13,47.9,'','2024-04-01 16:46:47'),(700,10025,13,47.9,'','2024-04-01 16:46:48'),(701,10025,13,47.9,'','2024-04-01 16:46:50'),(702,10025,13,47.8,'','2024-04-01 16:46:51'),(703,10025,13,47.9,'','2024-04-01 16:46:53'),(704,10025,13,47.9,'','2024-04-01 16:46:55'),(705,10025,13,47.9,'','2024-04-01 16:46:56'),(706,10025,13,47.9,'','2024-04-01 16:46:58'),(707,10025,13,47.9,'','2024-04-01 16:46:59'),(708,10025,13,47.9,'','2024-04-01 16:47:01'),(709,10025,13,47.9,'','2024-04-01 16:47:02'),(710,10025,13,47.8,'','2024-04-01 16:47:04'),(711,10025,13,48,'','2024-04-01 16:47:05'),(712,10025,13,47.9,'','2024-04-01 16:47:07'),(713,10025,13,47.9,'','2024-04-01 16:47:08'),(714,10025,13,47.9,'','2024-04-01 16:47:10'),(715,10025,13,47.8,'','2024-04-01 16:47:11'),(716,10025,13,47.9,'','2024-04-01 16:47:13'),(717,10025,13,47.8,'','2024-04-01 16:47:14'),(718,10025,13,47.9,'','2024-04-01 16:47:16'),(719,10025,13,47.9,'','2024-04-01 16:47:18'),(720,10025,13,47.9,'','2024-04-01 16:47:19'),(721,10025,13,47.9,'','2024-04-01 16:47:21'),(722,10025,13,47.8,'','2024-04-01 16:47:22'),(723,10025,13,47.8,'','2024-04-01 16:47:24'),(724,10025,13,47.9,'','2024-04-01 16:47:25'),(725,10025,13,47.8,'','2024-04-01 16:47:27'),(726,10025,13,47.9,'','2024-04-01 16:47:28'),(727,10025,13,47.9,'','2024-04-01 16:47:30'),(728,10025,13,47.9,'','2024-04-01 16:47:31'),(729,10025,13,47.9,'','2024-04-01 16:47:33'),(730,10025,13,47.8,'','2024-04-01 16:47:34'),(731,10025,13,47.9,'','2024-04-01 16:47:36'),(732,10025,13,47.8,'','2024-04-01 16:47:38'),(733,10025,13,47.9,'','2024-04-01 16:47:39'),(734,10025,13,47.9,'','2024-04-01 16:47:41'),(735,10025,13,47.9,'','2024-04-01 16:47:42'),(736,10025,13,47.9,'','2024-04-01 16:47:44'),(737,10025,13,47.9,'','2024-04-01 16:47:45'),(738,10025,13,47.9,'','2024-04-01 16:47:47'),(739,10025,13,47.9,'','2024-04-01 16:47:48'),(740,10025,13,47.9,'','2024-04-01 16:47:50'),(741,10025,13,47.9,'','2024-04-01 16:47:51'),(742,10025,13,47.9,'','2024-04-01 16:47:53'),(743,10025,13,47.9,'','2024-04-01 16:47:55'),(744,10025,13,47.9,'','2024-04-01 16:47:56'),(745,10025,13,47.8,'','2024-04-01 16:47:57'),(746,10025,13,47.8,'','2024-04-01 16:47:59'),(747,10025,13,47.8,'','2024-04-01 16:48:01'),(748,10025,13,47.9,'','2024-04-01 16:48:02'),(749,10025,13,47.8,'','2024-04-01 16:48:04'),(750,10025,13,48,'','2024-04-01 16:48:05'),(751,10025,13,47.9,'','2024-04-01 16:48:07'),(752,10025,13,47.9,'','2024-04-01 16:48:08'),(753,10025,13,47.9,'','2024-04-01 16:48:10'),(754,10025,13,47.8,'','2024-04-01 16:48:11'),(755,10025,13,47.9,'','2024-04-01 16:48:13'),(756,10025,13,47.9,'','2024-04-01 16:48:14'),(757,10025,13,47.9,'','2024-04-01 16:48:16'),(758,10025,13,47.9,'','2024-04-01 16:48:17'),(759,10025,13,47.9,'','2024-04-01 16:48:19'),(760,10025,13,47.8,'','2024-04-01 16:48:21'),(761,10025,13,47.9,'','2024-04-01 16:48:22'),(762,10025,13,47.8,'','2024-04-01 16:48:24'),(763,10025,13,47.8,'','2024-04-01 16:48:25'),(764,10025,13,47.8,'','2024-04-01 16:48:27'),(765,10025,13,47.9,'','2024-04-01 16:48:28'),(766,10025,13,47.9,'','2024-04-01 16:48:30'),(767,10025,13,47.9,'','2024-04-01 16:48:31'),(768,10025,13,47.8,'','2024-04-01 16:48:33'),(769,10025,13,47.9,'','2024-04-01 16:48:34'),(770,10025,13,47.8,'','2024-04-01 16:48:36'),(771,10025,13,47.9,'','2024-04-01 16:48:37'),(772,10025,13,47.9,'','2024-04-01 16:48:39'),(773,10025,13,47.9,'','2024-04-01 16:48:40'),(774,10025,13,47.9,'','2024-04-01 16:48:42'),(775,10025,13,47.9,'','2024-04-01 16:48:44'),(776,10025,13,47.9,'','2024-04-01 16:48:45'),(777,10025,13,47.9,'','2024-04-01 16:48:47'),(778,10025,13,47.9,'','2024-04-01 16:48:48'),(779,10025,13,47.9,'','2024-04-01 16:48:50'),(780,10025,13,47.9,'','2024-04-01 16:48:51'),(781,10025,13,47.9,'','2024-04-01 16:48:53'),(782,10025,13,47.9,'','2024-04-01 16:48:54'),(783,10025,13,47.9,'','2024-04-01 16:48:56'),(784,10025,13,47.9,'','2024-04-01 16:48:57'),(785,10025,13,47.8,'','2024-04-01 16:48:59'),(786,10025,13,47.8,'','2024-04-01 16:49:00'),(787,10025,13,47.9,'','2024-04-01 16:49:02'),(788,10025,13,47.9,'','2024-04-01 16:49:03'),(789,10025,13,47.8,'','2024-04-01 16:49:05'),(790,10025,13,47.9,'','2024-04-01 16:49:07'),(791,10025,13,47.8,'','2024-04-01 16:49:08'),(792,10025,13,47.9,'','2024-04-01 16:49:10'),(793,10025,13,47.9,'','2024-04-01 16:49:11'),(794,10025,13,47.9,'','2024-04-01 16:49:13'),(795,10025,13,47.8,'','2024-04-01 16:49:14'),(796,10025,13,47.8,'','2024-04-01 16:49:16'),(797,10025,13,47.9,'','2024-04-01 16:49:17'),(798,10025,13,47.9,'','2024-04-01 16:49:19'),(799,10025,13,47.8,'','2024-04-01 16:49:20'),(800,10025,13,47.9,'','2024-04-01 16:49:22'),(801,10025,13,47.9,'','2024-04-01 16:49:23'),(802,10025,13,47.9,'','2024-04-01 16:49:25'),(803,10025,13,47.8,'','2024-04-01 16:49:27'),(804,10025,13,47.9,'','2024-04-01 16:49:28'),(805,10025,13,48,'','2024-04-01 16:49:30'),(806,10025,13,47.9,'','2024-04-01 16:49:31'),(807,10025,13,47.8,'','2024-04-01 16:49:33'),(808,10025,13,47.9,'','2024-04-01 16:49:34'),(809,10025,13,47.8,'','2024-04-01 16:49:36'),(810,10025,13,47.9,'','2024-04-01 16:49:37'),(811,10025,13,47.9,'','2024-04-01 16:49:39'),(812,10025,13,47.9,'','2024-04-01 16:49:40'),(813,10025,13,47.9,'','2024-04-01 16:49:42'),(814,10025,13,47.9,'','2024-04-01 16:49:43'),(815,10025,13,47.9,'','2024-04-01 16:49:45'),(816,10025,13,47.9,'','2024-04-01 16:49:46'),(817,10025,13,47.9,'','2024-04-01 16:49:48'),(818,10025,13,47.8,'','2024-04-01 16:49:50'),(819,10025,13,47.8,'','2024-04-01 16:49:51'),(820,10025,13,47.9,'','2024-04-01 16:49:53'),(821,10025,13,47.8,'','2024-04-01 16:49:54'),(822,10025,13,47.9,'','2024-04-01 16:49:56'),(823,10025,13,47.9,'','2024-04-01 16:49:57'),(824,10025,13,47.9,'','2024-04-01 16:49:59'),(825,10025,13,47.9,'','2024-04-01 16:50:00'),(826,10025,13,47.9,'','2024-04-01 16:50:02'),(827,10025,13,47.9,'','2024-04-01 16:50:03'),(828,10025,13,47.9,'','2024-04-01 16:50:05'),(829,10025,13,47.9,'','2024-04-01 16:50:07'),(830,10025,13,47.9,'','2024-04-01 16:50:08'),(831,10025,13,47.9,'','2024-04-01 16:50:10'),(832,10025,13,47.9,'','2024-04-01 16:50:11'),(833,10025,13,47.9,'','2024-04-01 16:50:13'),(834,10025,13,47.8,'','2024-04-01 16:50:14'),(835,10025,13,47.9,'','2024-04-01 16:50:16'),(836,10025,13,47.9,'','2024-04-01 16:50:17'),(837,10025,13,47.9,'','2024-04-01 16:50:19'),(838,10025,13,47.8,'','2024-04-01 16:50:20'),(839,10025,13,47.8,'','2024-04-01 16:50:22'),(840,10025,13,47.9,'','2024-04-01 16:50:23'),(841,10025,13,47.8,'','2024-04-01 16:50:25'),(842,10025,13,47.9,'','2024-04-01 16:50:26'),(843,10025,13,47.9,'','2024-04-01 16:50:28'),(844,10025,13,47.9,'','2024-04-01 16:50:30'),(845,10025,13,47.9,'','2024-04-01 16:50:31'),(846,10025,13,47.9,'','2024-04-01 16:50:33'),(847,10025,13,47.9,'','2024-04-01 16:50:34'),(848,10025,13,47.9,'','2024-04-01 16:50:36'),(849,10025,13,47.8,'','2024-04-01 16:50:37'),(850,10025,13,47.9,'','2024-04-01 16:50:39'),(851,10025,13,47.9,'','2024-04-01 16:50:40'),(852,10025,13,47.9,'','2024-04-01 16:50:42'),(853,10025,13,47.9,'','2024-04-01 16:50:43'),(854,10025,13,47.8,'','2024-04-01 16:50:45'),(855,10025,13,47.9,'','2024-04-01 16:50:46'),(856,10025,13,47.9,'','2024-04-01 16:50:48'),(857,10025,13,47.9,'','2024-04-01 16:50:50'),(858,10025,13,47.9,'','2024-04-01 16:50:51'),(859,10025,13,47.9,'','2024-04-01 16:50:53'),(860,10025,13,47.9,'','2024-04-01 16:50:54'),(861,10025,13,47.9,'','2024-04-01 16:50:56'),(862,10025,13,0.2,'','2024-04-01 16:50:57'),(863,10025,13,0.2,'','2024-04-01 16:51:10'),(864,10025,13,0.1,'','2024-04-01 16:53:58'),(865,10025,13,47.9,'','2024-04-01 16:53:58'),(866,10025,13,47.9,'','2024-04-01 16:54:00'),(867,10025,13,47.9,'','2024-04-01 16:54:01'),(868,10025,13,47.9,'','2024-04-01 16:54:03'),(869,10025,13,0.2,'','2024-04-01 16:54:04'),(870,10025,13,0.1,'','2024-04-03 15:08:43'),(871,10025,13,23.1,'','2024-04-03 15:08:43'),(872,10025,13,33.2,'','2024-04-03 15:08:45'),(873,10025,13,34.4,'','2024-04-03 15:08:46'),(874,10025,13,34.4,'','2024-04-03 15:08:48'),(875,10025,13,34.4,'','2024-04-03 15:08:50'),(876,10025,13,34.5,'','2024-04-03 15:08:51'),(877,10025,13,34.4,'','2024-04-03 15:08:53'),(878,10025,13,34.5,'','2024-04-03 15:08:54'),(879,10025,13,34.4,'','2024-04-03 15:08:56'),(880,10025,13,34.5,'','2024-04-03 15:08:57'),(881,10025,13,34.4,'','2024-04-03 15:08:59'),(882,10025,13,34.3,'','2024-04-03 15:09:00'),(883,10025,13,34.4,'','2024-04-03 15:09:02'),(884,10025,13,34.4,'','2024-04-03 15:09:03'),(885,10025,13,34.4,'','2024-04-03 15:09:05'),(886,10025,13,34.5,'','2024-04-03 15:09:06'),(887,10025,13,34.4,'','2024-04-03 15:09:08'),(888,10025,13,34.5,'','2024-04-03 15:09:09'),(889,10025,13,34.4,'','2024-04-03 15:09:11'),(890,10025,13,34.5,'','2024-04-03 15:09:13'),(891,10025,13,34.4,'','2024-04-03 15:09:14'),(892,10025,13,34.4,'','2024-04-03 15:09:16'),(893,10025,13,34.4,'','2024-04-03 15:09:17'),(894,10025,13,34.4,'','2024-04-03 15:09:19'),(895,10025,13,34.4,'','2024-04-03 15:09:20'),(896,10025,13,34.4,'','2024-04-03 15:09:22'),(897,10025,13,34.4,'','2024-04-03 15:09:23'),(898,10025,13,34.4,'','2024-04-03 15:09:25'),(899,10025,13,34.4,'','2024-04-03 15:09:26'),(900,10025,13,34.4,'','2024-04-03 15:09:28'),(901,10025,13,34.4,'','2024-04-03 15:09:29'),(902,10025,13,34.4,'','2024-04-03 15:09:31'),(903,10025,13,34.4,'','2024-04-03 15:09:32'),(904,10025,13,34.4,'','2024-04-03 15:09:34'),(905,10025,13,34.4,'','2024-04-03 15:09:36'),(906,10025,13,34.4,'','2024-04-03 15:09:37'),(907,10025,13,34.4,'','2024-04-03 15:09:39'),(908,10025,13,34.4,'','2024-04-03 15:09:40'),(909,10025,13,34.4,'','2024-04-03 15:09:42'),(910,10025,13,34.4,'','2024-04-03 15:09:43'),(911,10025,13,34.4,'','2024-04-03 15:09:45'),(912,10025,13,34.4,'','2024-04-03 15:09:46'),(913,10025,13,34.4,'','2024-04-03 15:09:48'),(914,10025,13,34.4,'','2024-04-03 15:09:49'),(915,10025,13,34.3,'','2024-04-03 15:09:51'),(916,10025,13,34.4,'','2024-04-03 15:09:53'),(917,10025,13,34.4,'','2024-04-03 15:09:54'),(918,10025,13,34.4,'','2024-04-03 15:09:56'),(919,10025,13,0,'','2024-04-03 15:10:43'),(920,10025,13,0,'','2024-04-03 15:10:44'),(921,10025,13,0,'','2024-04-03 15:10:46'),(922,10025,13,0,'','2024-04-03 15:10:47'),(923,10025,13,0,'','2024-04-03 15:10:49'),(924,10025,13,0,'','2024-04-03 15:10:50'),(925,10025,13,0,'','2024-04-03 15:10:52'),(926,10025,13,0,'','2024-04-03 15:10:53'),(927,10025,13,0,'','2024-04-03 15:10:55'),(928,10025,13,0,'','2024-04-03 15:10:56'),(929,10025,13,2,'','2024-04-03 15:11:05'),(930,10025,13,2,'','2024-04-03 15:11:06'),(931,10025,13,2,'','2024-04-03 15:11:08'),(932,10025,13,2,'','2024-04-03 15:11:09'),(933,10025,13,2,'','2024-04-03 15:11:11'),(934,10025,13,2,'','2024-04-03 15:11:12'),(935,10025,13,2,'','2024-04-03 15:11:14'),(936,10025,13,2,'','2024-04-03 15:11:15'),(937,10025,13,47.9,'','2024-04-03 15:44:31'),(938,10025,13,47.9,'','2024-04-03 15:44:33'),(939,10025,13,47.9,'','2024-04-03 15:44:34'),(940,10025,13,47.9,'','2024-04-03 15:44:36'),(941,10025,13,47.8,'','2024-04-03 15:44:37'),(942,10025,13,47.9,'','2024-04-03 15:44:39'),(943,10025,13,47.8,'','2024-04-03 15:44:40'),(944,10025,13,47.9,'','2024-04-03 15:44:42'),(945,10025,13,47.9,'','2024-04-03 15:44:44'),(946,10025,13,47.9,'','2024-04-03 15:44:45'),(947,10025,13,47.9,'','2024-04-03 15:44:47'),(948,10025,13,47.9,'','2024-04-03 15:44:48'),(949,10025,13,47.9,'','2024-04-03 15:44:50'),(950,10025,13,47.9,'','2024-04-03 15:44:51'),(951,10025,13,47.9,'','2024-04-03 15:44:53'),(952,10025,13,47.9,'','2024-04-03 15:44:54'),(953,10025,13,47.9,'','2024-04-03 15:44:56'),(954,10025,13,47.8,'','2024-04-03 15:44:57'),(955,10025,13,47.9,'','2024-04-03 15:44:59'),(956,10025,13,47.8,'','2024-04-03 15:45:00'),(957,10025,13,47.9,'','2024-04-03 15:45:02'),(958,10025,13,47.9,'','2024-04-03 15:45:04'),(959,10025,13,47.9,'','2024-04-03 15:45:05'),(960,10025,13,47.9,'','2024-04-03 15:45:07'),(961,10025,13,47.9,'','2024-04-03 15:45:08'),(962,10025,13,47.9,'','2024-04-03 15:45:10'),(963,10025,13,47.9,'','2024-04-03 15:45:11'),(964,10025,13,47.9,'','2024-04-03 15:45:13'),(965,10025,13,47.9,'','2024-04-03 15:45:14'),(966,10025,13,47.9,'','2024-04-03 15:45:16'),(967,10025,13,47.9,'','2024-04-03 15:45:17'),(968,10025,13,47.9,'','2024-04-03 15:45:19'),(969,10025,13,47.9,'','2024-04-03 15:45:20'),(970,10025,13,47.9,'','2024-04-03 15:45:22'),(971,10025,13,48,'','2024-04-03 15:45:23'),(972,10025,13,47.9,'','2024-04-03 15:45:25'),(973,10025,13,48,'','2024-04-03 15:45:27'),(974,10025,13,47.7,'','2024-04-03 15:45:28'),(975,10025,13,47.9,'','2024-04-03 15:45:30'),(976,10025,13,47.9,'','2024-04-03 15:45:31'),(977,10025,13,47.9,'','2024-04-03 15:45:33'),(978,10025,13,47.9,'','2024-04-03 15:45:34'),(979,10025,13,47.9,'','2024-04-03 15:45:36'),(980,10025,13,47.9,'','2024-04-03 15:45:37'),(981,10025,13,47.9,'','2024-04-03 15:45:39'),(982,10025,13,47.9,'','2024-04-03 15:45:40'),(983,10025,13,48,'','2024-04-03 15:45:42'),(984,10025,13,47.9,'','2024-04-03 15:45:43'),(985,10025,13,47.9,'','2024-04-03 15:45:45'),(986,10025,13,47.9,'','2024-04-03 15:45:47'),(987,10025,13,47.9,'','2024-04-03 15:45:48'),(988,10025,13,47.9,'','2024-04-03 15:45:50'),(989,10025,13,47.8,'','2024-04-03 15:45:51'),(990,10025,13,47.9,'','2024-04-03 15:45:53'),(991,10025,13,47.9,'','2024-04-03 15:45:54'),(992,10025,13,47.9,'','2024-04-03 15:45:56'),(993,10025,13,47.8,'','2024-04-03 15:45:57'),(994,10025,13,47.9,'','2024-04-03 15:45:59'),(995,10025,13,47.9,'','2024-04-03 15:46:00'),(996,10025,13,47.9,'','2024-04-03 15:46:02'),(997,10025,13,47.9,'','2024-04-03 15:46:03'),(998,10025,13,47.9,'','2024-04-03 15:46:05'),(999,10025,13,47.9,'','2024-04-03 15:46:06'),(1000,10025,13,47.9,'','2024-04-03 15:46:08'),(1001,10025,13,47.9,'','2024-04-03 15:46:10'),(1002,10025,13,47.9,'','2024-04-03 15:46:11'),(1003,10025,13,47.9,'','2024-04-03 15:46:13'),(1004,10025,13,47.9,'','2024-04-03 15:46:14'),(1005,10025,13,47.9,'','2024-04-03 15:46:16'),(1006,10025,13,47.9,'','2024-04-03 15:46:17'),(1007,10025,13,47.9,'','2024-04-03 15:46:19'),(1008,10025,13,47.9,'','2024-04-03 15:46:20'),(1009,10025,13,47.9,'','2024-04-03 15:46:22'),(1010,10025,13,47.9,'','2024-04-03 15:46:23'),(1011,10025,13,47.9,'','2024-04-03 15:46:25'),(1012,10025,13,47.9,'','2024-04-03 15:46:26'),(1013,10025,13,47.9,'','2024-04-03 15:46:28'),(1014,10025,13,47.9,'','2024-04-03 15:46:30'),(1015,10025,13,47.9,'','2024-04-03 15:46:31'),(1016,10025,13,47.9,'','2024-04-03 15:46:33'),(1017,10025,13,47.9,'','2024-04-03 15:46:34'),(1018,10025,13,47.9,'','2024-04-03 15:46:36'),(1019,10025,13,47.9,'','2024-04-03 15:46:37'),(1020,10025,13,47.9,'','2024-04-03 15:46:39'),(1021,10025,13,47.9,'','2024-04-03 15:46:40'),(1022,10025,13,47.9,'','2024-04-03 15:46:42'),(1023,10025,13,47.8,'','2024-04-03 15:46:43'),(1024,10025,13,47.9,'','2024-04-03 15:46:45'),(1025,10025,13,47.9,'','2024-04-03 15:46:46'),(1026,10025,13,47.9,'','2024-04-03 15:46:48'),(1027,10025,13,47.9,'','2024-04-03 15:46:49'),(1028,10025,13,47.9,'','2024-04-03 15:46:51'),(1029,10025,13,47.9,'','2024-04-03 15:46:52'),(1030,10025,13,47.9,'','2024-04-03 15:46:54'),(1031,10025,13,47.9,'','2024-04-03 15:46:56'),(1032,10025,13,47.8,'','2024-04-03 15:46:57'),(1033,10025,13,47.9,'','2024-04-03 15:46:59'),(1034,10025,13,47.9,'','2024-04-03 15:47:00'),(1035,10025,13,47.9,'','2024-04-03 15:47:02'),(1036,10025,13,47.8,'','2024-04-03 15:47:03'),(1037,10025,13,47.8,'','2024-04-03 15:47:05'),(1038,10025,13,47.9,'','2024-04-03 15:47:06'),(1039,10025,13,47.8,'','2024-04-03 15:47:08'),(1040,10025,13,48,'','2024-04-03 15:47:09'),(1041,10025,13,47.9,'','2024-04-03 15:47:11'),(1042,10025,13,48,'','2024-04-03 15:47:13'),(1043,10025,13,47.8,'','2024-04-03 15:47:49'),(1044,10025,13,47.9,'','2024-04-03 15:47:50'),(1045,10025,13,47.9,'','2024-04-03 15:47:52'),(1046,10025,13,47.9,'','2024-04-03 15:47:53'),(1047,10025,13,47.9,'','2024-04-03 15:47:55'),(1048,10025,13,47.9,'','2024-04-03 15:47:56'),(1049,10025,13,47.9,'','2024-04-03 15:47:58'),(1050,10025,13,47.9,'','2024-04-03 15:47:59'),(1051,10025,13,47.8,'','2024-04-03 15:48:01'),(1052,10025,13,47.8,'','2024-04-03 15:48:02'),(1053,10025,13,47.9,'','2024-04-03 15:48:04'),(1054,10025,13,47.9,'','2024-04-03 15:48:05'),(1055,10025,13,47.9,'','2024-04-03 15:48:07'),(1056,10025,13,47.9,'','2024-04-03 15:48:09'),(1057,10025,13,47.9,'','2024-04-03 15:48:10'),(1058,10025,13,47.9,'','2024-04-03 15:48:12'),(1059,10025,13,47.8,'','2024-04-03 15:48:13'),(1060,10025,13,47.9,'','2024-04-03 15:48:15'),(1061,10025,13,47.9,'','2024-04-03 15:48:16'),(1062,10025,13,47.9,'','2024-04-03 15:48:18'),(1063,10025,13,47.9,'','2024-04-03 15:48:19'),(1064,10025,13,47.9,'','2024-04-03 15:48:21'),(1065,10025,13,47.9,'','2024-04-03 15:48:22'),(1066,10025,13,47.9,'','2024-04-03 15:48:24'),(1067,10025,13,47.9,'','2024-04-03 15:48:25'),(1068,10025,13,47.9,'','2024-04-03 15:48:27'),(1069,10025,13,47.9,'','2024-04-03 15:48:28'),(1070,10025,13,47.9,'','2024-04-03 15:48:30'),(1071,10025,13,47.9,'','2024-04-03 15:48:32'),(1072,10025,13,47.9,'','2024-04-03 15:48:33'),(1073,10025,13,47.9,'','2024-04-03 15:48:35'),(1074,10025,13,47.9,'','2024-04-03 15:48:36'),(1075,10025,13,47.9,'','2024-04-03 15:48:38'),(1076,10025,13,47.9,'','2024-04-03 15:48:39'),(1077,10025,13,47.9,'','2024-04-03 15:48:41'),(1078,10025,13,47.9,'','2024-04-03 15:48:42'),(1079,10025,13,47.9,'','2024-04-03 15:48:44'),(1080,10025,13,47.9,'','2024-04-03 15:48:45'),(1081,10025,13,47.9,'','2024-04-03 15:48:47'),(1082,10025,13,47.8,'','2024-04-03 15:48:48'),(1083,10025,13,0.1,'','2024-04-03 15:51:54'),(1084,10025,13,47.9,'','2024-04-03 15:51:55'),(1085,10025,13,47.9,'','2024-04-03 15:51:56'),(1086,10025,13,48,'','2024-04-03 15:51:58'),(1087,10025,13,47.9,'','2024-04-03 15:51:59'),(1088,10025,13,47.9,'','2024-04-03 15:52:01'),(1089,10025,13,47.9,'','2024-04-03 15:52:02'),(1090,10025,13,47.8,'','2024-04-03 15:52:04'),(1091,10025,13,47.9,'','2024-04-03 15:52:05'),(1092,10025,13,47.9,'','2024-04-03 15:52:07'),(1093,10025,13,47.9,'','2024-04-03 15:52:08'),(1094,10025,13,47.9,'','2024-04-03 15:52:10'),(1095,10025,13,47.9,'','2024-04-03 15:52:12'),(1096,10025,13,47.9,'','2024-04-03 15:52:13'),(1097,10025,13,47.9,'','2024-04-03 15:52:15'),(1098,10025,13,47.9,'','2024-04-03 15:52:16'),(1099,10025,13,47.9,'','2024-04-03 15:52:18'),(1100,10025,13,47.9,'','2024-04-03 15:52:19'),(1101,10025,13,47.9,'','2024-04-03 15:52:21'),(1102,10025,13,47.9,'','2024-04-03 15:52:22'),(1103,10025,13,47.9,'','2024-04-03 15:52:24'),(1104,10025,13,47.9,'','2024-04-03 15:52:25'),(1105,10025,13,47.9,'','2024-04-03 15:52:27'),(1106,10025,13,47.9,'','2024-04-03 15:52:28'),(1107,10025,13,47.9,'','2024-04-03 15:52:30'),(1108,10025,13,47.9,'','2024-04-03 15:52:31'),(1109,10025,13,47.9,'','2024-04-03 15:52:33'),(1110,10025,13,47.9,'','2024-04-03 15:52:35'),(1111,10025,13,47.9,'','2024-04-03 15:52:36'),(1112,10025,13,47.9,'','2024-04-03 15:52:38'),(1113,10025,13,47.9,'','2024-04-03 15:52:39'),(1114,10025,13,47.9,'','2024-04-03 15:52:41'),(1115,10025,13,47.9,'','2024-04-03 15:52:42'),(1116,10025,13,47.9,'','2024-04-03 15:52:44'),(1117,10025,13,47.9,'','2024-04-03 15:52:45'),(1118,10025,13,47.9,'','2024-04-03 15:52:47'),(1119,10025,13,47.9,'','2024-04-03 15:52:48'),(1120,10025,13,47.9,'','2024-04-03 15:52:50'),(1121,10025,13,47.8,'','2024-04-03 15:52:51'),(1122,10025,13,47.9,'','2024-04-03 15:52:53'),(1123,10025,13,47.9,'','2024-04-03 15:52:55'),(1124,10025,13,47.9,'','2024-04-03 15:52:56'),(1125,10025,13,47.9,'','2024-04-03 15:52:58'),(1126,10025,13,47.9,'','2024-04-03 15:52:59'),(1127,10025,13,47.9,'','2024-04-03 15:53:01'),(1128,10025,13,47.9,'','2024-04-03 15:53:02'),(1129,10025,13,47.9,'','2024-04-03 15:53:04'),(1130,10025,13,47.9,'','2024-04-03 15:53:05'),(1131,10025,13,47.8,'','2024-04-03 15:53:07'),(1132,10025,13,47.9,'','2024-04-03 15:53:08'),(1133,10025,13,47.9,'','2024-04-03 15:53:10'),(1134,10025,13,47.8,'','2024-04-03 15:53:11'),(1135,10025,13,47.9,'','2024-04-03 15:53:13'),(1136,10025,13,47.8,'','2024-04-03 15:53:14'),(1137,10025,13,47.9,'','2024-04-03 15:53:16'),(1138,10025,13,47.9,'','2024-04-03 15:53:18'),(1139,10025,13,47.9,'','2024-04-03 15:53:19'),(1140,10025,13,47.8,'','2024-04-03 15:53:21'),(1141,10025,13,47.9,'','2024-04-03 15:53:22'),(1142,10025,13,47.8,'','2024-04-03 16:15:33'),(1143,10025,13,47.9,'','2024-04-03 16:15:35'),(1144,10025,13,47.9,'','2024-04-03 16:15:36'),(1145,10025,13,47.9,'','2024-04-03 16:15:38'),(1146,10025,13,47.9,'','2024-04-03 16:15:39'),(1147,10025,13,47.9,'','2024-04-03 16:15:41'),(1148,10025,13,47.9,'','2024-04-03 16:15:42'),(1149,10025,13,47.9,'','2024-04-03 16:15:44'),(1150,10025,13,47.9,'','2024-04-03 16:15:45'),(1151,10025,13,47.9,'','2024-04-03 16:15:47'),(1152,10025,13,47.9,'','2024-04-03 16:15:48'),(1153,10025,13,48,'','2024-04-03 16:15:54'),(1154,10025,13,47.9,'','2024-04-03 16:15:55'),(1155,10025,13,47.9,'','2024-04-03 16:15:57'),(1156,10025,13,47.9,'','2024-04-03 16:15:58'),(1157,10025,13,47.9,'','2024-04-03 16:16:00'),(1158,10025,13,47.9,'','2024-04-03 16:16:02'),(1159,10025,13,47.9,'','2024-04-03 16:16:03'),(1160,10025,13,47.9,'','2024-04-03 16:16:04'),(1161,10025,13,47.9,'','2024-04-03 16:16:06'),(1162,10025,13,47.9,'','2024-04-03 16:16:08'),(1163,10025,13,47.9,'','2024-04-03 16:16:09'),(1164,10025,13,47.9,'','2024-04-03 16:16:11'),(1165,10025,13,47.9,'','2024-04-03 16:16:12'),(1166,10025,13,47.9,'','2024-04-03 16:16:14'),(1167,10025,13,47.9,'','2024-04-03 16:16:15'),(1168,10025,13,47.9,'','2024-04-03 16:16:18'),(1169,10025,13,47.9,'','2024-04-03 16:16:19'),(1170,10025,13,47.9,'','2024-04-03 16:16:21'),(1171,10025,13,47.9,'','2024-04-03 16:16:22'),(1172,10025,13,47.9,'','2024-04-03 16:16:24'),(1173,10025,13,47.9,'','2024-04-03 16:16:25'),(1174,10025,13,47.9,'','2024-04-03 16:16:27'),(1175,10025,13,47.9,'','2024-04-03 16:16:28'),(1176,10025,13,47.9,'','2024-04-03 16:16:30'),(1177,10025,13,47.8,'','2024-04-03 16:16:31'),(1178,10025,13,47.9,'','2024-04-03 16:16:33'),(1179,10025,13,47.9,'','2024-04-03 16:16:35'),(1180,10025,13,47.9,'','2024-04-03 16:16:36'),(1181,10025,13,47.9,'','2024-04-03 16:16:38'),(1182,10025,13,47.9,'','2024-04-03 16:16:39'),(1183,10025,13,47.9,'','2024-04-03 16:16:41'),(1184,10025,13,47.9,'','2024-04-03 16:16:42'),(1185,10025,13,47.9,'','2024-04-03 16:16:44'),(1186,10025,13,47.9,'','2024-04-03 16:16:45'),(1187,10025,13,47.9,'','2024-04-03 16:16:47'),(1188,10025,13,47.9,'','2024-04-03 16:16:48'),(1189,10025,13,47.9,'','2024-04-03 16:16:50'),(1190,10025,13,47.9,'','2024-04-03 16:16:52'),(1191,10025,13,47.9,'','2024-04-03 16:16:53'),(1192,10025,13,47.9,'','2024-04-03 16:16:55'),(1193,10025,13,47.9,'','2024-04-03 16:16:56'),(1194,10025,13,48,'','2024-04-03 16:24:26'),(1195,10025,13,47.8,'','2024-04-03 16:24:28'),(1196,10025,13,47.9,'','2024-04-03 16:24:29'),(1197,10025,13,47.9,'','2024-04-03 16:24:31'),(1198,10025,13,47.9,'','2024-04-03 16:24:32'),(1199,10025,13,48,'','2024-04-03 16:24:34'),(1200,10025,13,47.9,'','2024-04-03 16:24:35'),(1201,10025,13,47.8,'','2024-04-03 16:24:37'),(1202,10025,13,47.9,'','2024-04-03 16:24:39'),(1203,10025,13,47.9,'','2024-04-03 16:24:40'),(1204,10025,13,47.8,'','2024-04-03 16:24:42'),(1205,10025,13,47.9,'','2024-04-03 16:30:28'),(1206,10025,13,47.8,'','2024-04-03 16:30:30'),(1207,10025,13,47.9,'','2024-04-03 16:30:31'),(1208,10025,13,47.9,'','2024-04-03 16:30:32'),(1209,10025,13,47.9,'','2024-04-03 16:30:34'),(1210,10025,13,47.9,'','2024-04-03 16:30:36'),(1211,10025,13,47.9,'','2024-04-03 16:30:37'),(1212,10025,13,47.9,'','2024-04-03 16:30:39'),(1213,10025,13,47.9,'','2024-04-03 16:33:30'),(1214,10025,13,47.9,'','2024-04-03 16:33:32'),(1215,10025,13,48,'','2024-04-03 16:33:33'),(1216,10025,13,47.9,'','2024-04-03 16:33:35'),(1217,10025,13,47.9,'','2024-04-03 16:33:36'),(1218,10025,13,47.9,'','2024-04-03 16:33:38'),(1219,10025,13,47.9,'','2024-04-03 16:33:39'),(1220,10025,13,47.9,'','2024-04-03 16:33:41'),(1221,10025,13,47.8,'','2024-04-03 16:33:43'),(1222,10025,13,47.9,'','2024-04-03 16:33:44'),(1223,10025,13,47.9,'','2024-04-03 16:33:45'),(1224,10025,13,47.9,'','2024-04-03 16:33:47'),(1225,10025,13,47.9,'','2024-04-03 16:33:49'),(1226,10025,13,47.9,'','2024-04-03 16:33:50'),(1227,10025,13,47.9,'','2024-04-03 16:33:52'),(1228,10025,13,47.9,'','2024-04-03 16:33:53'),(1229,10025,13,47.9,'','2024-04-03 16:33:55'),(1230,10025,13,47.9,'','2024-04-03 16:33:56'),(1231,10025,13,47.9,'','2024-04-03 16:33:58'),(1232,10025,13,47.9,'','2024-04-03 16:33:59'),(1233,10025,13,47.9,'','2024-04-03 16:34:01'),(1234,10025,13,47.9,'','2024-04-03 16:34:03'),(1235,10025,13,47.9,'','2024-04-03 16:34:04'),(1236,10025,13,47.9,'','2024-04-03 16:34:05'),(1237,10025,13,47.9,'','2024-04-03 16:34:07'),(1238,10025,13,47.9,'','2024-04-03 16:34:09'),(1239,10025,13,47.9,'','2024-04-03 16:34:10'),(1240,10025,13,47.9,'','2024-04-03 16:34:12'),(1241,10025,13,47.9,'','2024-04-03 16:34:13'),(1242,10025,13,47.9,'','2024-04-03 16:34:15'),(1243,10025,13,47.8,'','2024-04-03 16:34:16'),(1244,10025,13,47.9,'','2024-04-03 16:34:18'),(1245,10025,13,47.9,'','2024-04-03 16:34:19'),(1246,10025,13,47.9,'','2024-04-03 16:34:21'),(1247,10025,13,47.9,'','2024-04-03 16:34:22'),(1248,10025,13,47.9,'','2024-04-03 16:34:24'),(1249,10025,13,47.9,'','2024-04-03 16:34:25'),(1250,10025,13,47.9,'','2024-04-03 16:34:27'),(1251,10025,13,47.9,'','2024-04-03 16:34:29'),(1252,10025,13,47.9,'','2024-04-03 16:34:30'),(1253,10025,13,47.9,'','2024-04-03 16:34:32'),(1254,10025,13,47.9,'','2024-04-03 16:34:33'),(1255,10025,13,47.9,'','2024-04-03 16:34:35'),(1256,10025,13,47.9,'','2024-04-03 16:34:36'),(1257,10025,13,47.9,'','2024-04-03 16:34:38'),(1258,10025,13,47.9,'','2024-04-03 16:34:39'),(1259,10025,13,47.9,'','2024-04-03 16:34:41'),(1260,10025,13,47.9,'','2024-04-03 16:34:42'),(1261,10025,13,47.9,'','2024-04-03 16:34:44'),(1262,10025,13,47.8,'','2024-04-03 16:34:45'),(1263,10025,13,47.9,'','2024-04-03 16:34:47'),(1264,10025,13,47.9,'','2024-04-03 16:34:48'),(1265,10025,13,47.9,'','2024-04-03 16:34:50'),(1266,10025,13,47.9,'','2024-04-03 16:34:52'),(1267,10025,13,47.9,'','2024-04-03 16:34:53'),(1268,10025,13,47.9,'','2024-04-03 16:34:55'),(1269,10025,13,47.8,'','2024-04-03 16:34:57'),(1270,10025,13,47.9,'','2024-04-03 16:34:58'),(1271,10025,13,47.9,'','2024-04-03 16:34:59'),(1272,10025,13,47.8,'','2024-04-03 16:35:01'),(1273,10025,13,47.9,'','2024-04-03 16:35:02'),(1274,10025,13,47.9,'','2024-04-03 16:35:04'),(1275,10025,13,47.9,'','2024-04-03 16:35:05'),(1276,10025,13,47.9,'','2024-04-03 16:35:07'),(1277,10025,13,47.9,'','2024-04-03 16:35:08'),(1278,10025,13,47.9,'','2024-04-03 16:35:10'),(1279,10025,13,47.8,'','2024-04-03 16:35:12'),(1280,10025,13,47.9,'','2024-04-03 16:35:13'),(1281,10025,13,47.9,'','2024-04-03 16:35:15'),(1282,10025,13,47.9,'','2024-04-03 16:35:16'),(1283,10025,13,47.9,'','2024-04-03 16:35:18'),(1284,10025,13,48,'','2024-04-03 16:35:19'),(1285,10025,13,47.9,'','2024-04-03 16:35:21'),(1286,10025,13,47.9,'','2024-04-03 16:35:22'),(1287,10025,13,47.9,'','2024-04-03 16:35:24'),(1288,10025,13,47.9,'','2024-04-03 16:35:25'),(1289,10025,13,47.9,'','2024-04-03 16:35:27'),(1290,10025,13,47.8,'','2024-04-03 16:35:28'),(1291,10025,13,47.9,'','2024-04-03 16:35:30'),(1292,10025,13,47.9,'','2024-04-03 16:35:31'),(1293,10025,13,47.9,'','2024-04-03 16:35:33'),(1294,10025,13,47.9,'','2024-04-03 16:35:34'),(1295,10025,13,47.9,'','2024-04-03 16:35:36'),(1296,10025,13,47.9,'','2024-04-03 16:35:38'),(1297,10025,13,47.9,'','2024-04-03 16:35:39'),(1298,10025,13,47.8,'','2024-04-03 16:35:41'),(1299,10025,13,47.9,'','2024-04-03 16:35:42'),(1300,10025,13,47.8,'','2024-04-03 16:35:44'),(1301,10025,13,47.9,'','2024-04-03 16:35:45'),(1302,10025,13,47.8,'','2024-04-03 16:35:47'),(1303,10025,13,47.9,'','2024-04-03 16:35:48'),(1304,10025,13,47.8,'','2024-04-03 16:35:50'),(1305,10025,13,47.8,'','2024-04-03 16:35:51'),(1306,10025,13,47.9,'','2024-04-03 16:35:53'),(1307,10025,13,47.9,'','2024-04-03 16:35:54'),(1308,10025,13,47.9,'','2024-04-03 16:35:56'),(1309,10025,13,47.9,'','2024-04-03 16:35:58'),(1310,10025,13,47.9,'','2024-04-03 16:35:59'),(1311,10025,13,47.9,'','2024-04-03 16:36:01'),(1312,10025,13,47.9,'','2024-04-03 16:36:02'),(1313,10025,13,47.9,'','2024-04-03 16:36:04'),(1314,10025,13,47.9,'','2024-04-03 16:36:05'),(1315,10025,13,47.9,'','2024-04-03 16:36:07'),(1316,10025,13,47.9,'','2024-04-03 16:36:08'),(1317,10025,13,47.9,'','2024-04-03 16:38:00'),(1318,10025,13,0.2,'','2024-04-03 16:38:01'),(1319,10025,13,47.9,'','2024-04-03 16:38:12'),(1320,10025,13,48,'','2024-04-03 16:38:13'),(1321,10025,13,47.9,'','2024-04-03 16:38:15'),(1322,10025,13,0.2,'','2024-04-03 16:38:16'),(1323,10025,13,47.8,'','2024-04-03 16:38:32'),(1324,10025,13,48,'','2024-04-03 16:38:33'),(1325,10025,13,47.9,'','2024-04-03 16:38:35'),(1326,10025,13,47.9,'','2024-04-03 16:38:36'),(1327,10025,13,48,'','2024-04-03 16:38:38'),(1328,10025,13,47.8,'','2024-04-03 16:38:39'),(1329,10025,13,48,'','2024-04-03 16:38:41'),(1330,10025,13,0.2,'','2024-04-03 16:38:42'),(1331,10025,13,47.9,'','2024-04-03 16:39:47'),(1332,10025,13,47.8,'','2024-04-03 16:39:49'),(1333,10025,13,47.9,'','2024-04-03 16:39:50'),(1334,10025,13,47.9,'','2024-04-03 16:39:52'),(1335,10025,13,47.9,'','2024-04-03 16:40:34'),(1336,10025,13,47.9,'','2024-04-03 16:40:36'),(1337,10025,13,47.9,'','2024-04-03 16:40:37'),(1338,10025,13,47.9,'','2024-04-03 16:40:39'),(1339,10025,13,47.9,'','2024-04-03 16:49:38'),(1340,10025,13,47.9,'','2024-04-03 16:49:39'),(1341,10025,13,47.9,'','2024-04-03 16:49:41'),(1342,10025,13,47.9,'','2024-04-03 16:49:42'),(1343,10025,13,47.9,'','2024-04-03 16:49:44'),(1344,10025,13,47.9,'','2024-04-03 16:49:45'),(1345,10025,13,47.9,'','2024-04-03 16:49:47'),(1346,10025,13,47.9,'','2024-04-03 16:49:48'),(1347,10025,13,47.9,'','2024-04-03 16:49:50'),(1348,10025,13,47.9,'','2024-04-03 16:49:51'),(1349,10025,13,47.9,'','2024-04-03 16:49:53'),(1350,10025,13,47.9,'','2024-04-03 16:49:55'),(1351,10025,13,47.9,'','2024-04-03 16:49:56'),(1352,10025,13,47.9,'','2024-04-03 16:49:58'),(1353,10025,13,47.9,'','2024-04-03 16:49:59'),(1354,10025,13,48,'','2024-04-03 16:50:01'),(1355,10025,13,47.9,'','2024-04-03 16:50:02'),(1356,10025,13,47.8,'','2024-04-03 16:50:04'),(1357,10025,13,47.9,'','2024-04-03 16:50:05'),(1358,10025,13,47.8,'','2024-04-03 16:50:07'),(1359,10025,13,47.9,'','2024-04-03 16:50:08'),(1360,10025,13,47.9,'','2024-04-03 16:50:10'),(1361,10025,13,47.9,'','2024-04-03 16:50:11'),(1362,10025,13,47.9,'','2024-04-03 16:50:13'),(1363,10025,13,47.9,'','2024-04-03 16:50:14'),(1364,10025,13,47.9,'','2024-04-03 16:50:16'),(1365,10025,13,47.9,'','2024-04-03 16:50:18'),(1366,10025,13,47.9,'','2024-04-03 16:50:19'),(1367,10025,13,47.8,'','2024-04-03 16:50:21'),(1368,10025,13,47.9,'','2024-04-03 16:50:22'),(1369,10025,13,47.9,'','2024-04-03 16:50:24'),(1370,10025,13,47.9,'','2024-04-03 16:50:25'),(1371,10025,13,47.9,'','2024-04-03 16:50:27'),(1372,10025,13,47.9,'','2024-04-03 16:50:28'),(1373,10025,13,47.9,'','2024-04-03 16:50:30'),(1374,10025,13,47.9,'','2024-04-03 16:50:31'),(1375,10025,13,47.9,'','2024-04-03 16:50:33'),(1376,10025,13,47.9,'','2024-04-03 16:50:34'),(1377,10025,13,48,'','2024-04-03 16:50:36'),(1378,10025,13,47.8,'','2024-04-03 16:50:38'),(1379,10025,13,47.9,'','2024-04-03 16:50:39'),(1380,10025,13,47.9,'','2024-04-03 16:50:41'),(1381,10025,13,47.9,'','2024-04-03 16:50:42'),(1382,10025,13,47.9,'','2024-04-03 16:50:44'),(1383,10025,13,47.8,'','2024-04-03 16:50:45'),(1384,10025,13,47.9,'','2024-04-03 16:50:47'),(1385,10025,13,47.9,'','2024-04-03 16:50:48'),(1386,10025,13,47.9,'','2024-04-03 16:50:50'),(1387,10025,13,47.9,'','2024-04-03 16:50:51'),(1388,10025,13,47.9,'','2024-04-03 16:50:53'),(1389,10025,13,48,'','2024-04-03 16:50:54'),(1390,10025,13,47.9,'','2024-04-03 16:50:56'),(1391,10025,13,47.9,'','2024-04-03 16:50:57'),(1392,10025,13,47.9,'','2024-04-03 16:50:59'),(1393,10025,13,47.9,'','2024-04-03 16:51:01'),(1394,10025,13,47.9,'','2024-04-03 16:51:02'),(1395,10025,13,47.8,'','2024-04-03 16:51:04'),(1396,10025,13,48,'','2024-04-03 16:51:05'),(1397,10025,13,47.9,'','2024-04-03 16:51:07'),(1398,10025,13,47.8,'','2024-04-03 16:51:08'),(1399,10025,13,47.9,'','2024-04-03 16:51:10'),(1400,10025,13,47.8,'','2024-04-03 16:51:11'),(1401,10025,13,47.9,'','2024-04-03 16:51:13'),(1402,10025,13,47.9,'','2024-04-03 16:51:14'),(1403,10025,13,47.8,'','2024-04-03 16:51:16'),(1404,10025,13,47.9,'','2024-04-03 16:51:17'),(1405,10025,13,47.9,'','2024-04-03 16:51:19'),(1406,10025,13,47.8,'','2024-04-03 16:51:21'),(1407,10025,13,47.8,'','2024-04-03 16:51:22'),(1408,10025,13,48,'','2024-04-03 16:51:24'),(1409,10025,13,47.9,'','2024-04-03 16:51:25'),(1410,10025,13,47.9,'','2024-04-03 16:51:27'),(1411,10025,13,47.9,'','2024-04-03 16:51:28'),(1412,10025,13,47.9,'','2024-04-03 16:51:30'),(1413,10025,13,47.9,'','2024-04-03 16:51:31'),(1414,10025,13,47.9,'','2024-04-03 16:51:33'),(1415,10025,13,47.9,'','2024-04-03 16:51:34'),(1416,10025,13,47.8,'','2024-04-03 16:51:36'),(1417,10025,13,47.9,'','2024-04-03 16:51:37'),(1418,10025,13,47.9,'','2024-04-03 16:51:39'),(1419,10025,13,47.9,'','2024-04-03 16:51:40'),(1420,10025,13,47.9,'','2024-04-03 16:51:42'),(1421,10025,13,47.9,'','2024-04-03 16:51:44'),(1422,10025,13,47.9,'','2024-04-03 16:51:45'),(1423,10025,13,47.9,'','2024-04-03 16:51:47'),(1424,10025,13,47.9,'','2024-04-03 16:51:48'),(1425,10025,13,47.8,'','2024-04-03 16:51:50'),(1426,10025,13,47.9,'','2024-04-03 16:51:51'),(1427,10025,13,47.9,'','2024-04-03 16:51:53'),(1428,10025,13,47.9,'','2024-04-03 16:51:54'),(1429,10025,13,47.9,'','2024-04-03 16:51:56'),(1430,10025,13,47.9,'','2024-04-03 16:51:57'),(1431,10025,13,47.9,'','2024-04-03 16:51:59'),(1432,10025,13,47.9,'','2024-04-03 16:52:02'),(1433,10025,13,47.8,'','2024-04-03 16:52:04'),(1434,10025,13,47.9,'','2024-04-03 16:52:05'),(1435,10025,13,47.8,'','2024-04-03 16:52:07'),(1436,10025,13,47.9,'','2024-04-03 16:52:08'),(1437,10025,13,47.9,'','2024-04-03 16:52:10'),(1438,10025,13,47.9,'','2024-04-03 16:52:11'),(1439,10025,13,47.9,'','2024-04-03 16:52:13'),(1440,10025,13,47.9,'','2024-04-03 16:52:14'),(1441,10025,13,47.8,'','2024-04-03 16:52:16'),(1442,10025,13,47.9,'','2024-04-03 16:52:17'),(1443,10025,13,47.8,'','2024-04-03 16:52:19'),(1444,10025,13,47.9,'','2024-04-03 16:52:20'),(1445,10025,13,47.9,'','2024-04-03 16:52:22'),(1446,10025,13,47.9,'','2024-04-03 16:52:23'),(1447,10025,13,47.9,'','2024-04-03 16:52:25'),(1448,10025,13,47.9,'','2024-04-03 16:52:26'),(1449,10025,13,47.9,'','2024-04-03 16:52:28'),(1450,10025,13,47.9,'','2024-04-03 16:52:30'),(1451,10025,13,47.9,'','2024-04-03 16:52:31'),(1452,10025,13,47.9,'','2024-04-03 16:52:33'),(1453,10025,13,47.9,'','2024-04-03 16:52:34'),(1454,10025,13,47.9,'','2024-04-03 16:52:36'),(1455,10025,13,47.8,'','2024-04-03 16:52:37'),(1456,10025,13,47.9,'','2024-04-03 16:52:39'),(1457,10025,13,47.9,'','2024-04-03 16:52:40'),(1458,10025,13,47.9,'','2024-04-03 16:52:42'),(1459,10025,13,47.9,'','2024-04-03 16:52:43'),(1460,10025,13,47.9,'','2024-04-03 16:52:45'),(1461,10025,13,47.9,'','2024-04-03 16:52:46'),(1462,10025,13,47.8,'','2024-04-03 16:52:48'),(1463,10025,13,47.9,'','2024-04-03 16:52:49'),(1464,10025,13,47.9,'','2024-04-03 17:15:39'),(1465,10025,13,47.9,'','2024-04-03 17:15:41'),(1466,10025,13,47.9,'','2024-04-03 17:15:43'),(1467,10025,13,47.9,'','2024-04-03 17:15:44'),(1468,10025,13,47.9,'','2024-04-03 17:15:46'),(1469,10025,13,47.9,'','2024-04-03 17:15:47'),(1470,10025,13,47.9,'','2024-04-03 17:15:49'),(1471,10025,13,47.9,'','2024-04-03 17:15:50'),(1472,10025,13,47.9,'','2024-04-03 17:15:52'),(1473,10025,13,47.9,'','2024-04-03 17:15:53'),(1474,10025,13,47.9,'','2024-04-03 17:15:55'),(1475,10025,13,47.9,'','2024-04-03 17:15:56'),(1476,10025,13,47.9,'','2024-04-03 17:15:58'),(1477,10025,13,47.9,'','2024-04-03 17:15:59'),(1478,10025,13,47.9,'','2024-04-03 17:16:01'),(1479,10025,13,47.9,'','2024-04-03 17:16:02'),(1480,10025,13,48,'','2024-04-03 17:16:04'),(1481,10025,13,47.9,'','2024-04-03 17:17:48'),(1482,10025,13,47.9,'','2024-04-03 17:17:49'),(1483,10025,13,47.9,'','2024-04-03 17:17:51'),(1484,10025,13,47.9,'','2024-04-03 17:25:45'),(1485,10025,13,47.9,'','2024-04-03 17:25:47'),(1486,10025,13,47.9,'','2024-04-03 17:25:48'),(1487,10025,13,47.8,'','2024-04-03 17:25:50'),(1488,10025,13,47.9,'','2024-04-03 17:25:51'),(1489,10025,13,47.9,'','2024-04-03 17:25:53'),(1490,10025,13,47.9,'','2024-04-03 17:25:54'),(1491,10025,13,47.9,'','2024-04-03 17:25:56'),(1492,10025,13,47.9,'','2024-04-03 17:25:58'),(1493,10025,13,47.9,'','2024-04-03 17:25:59'),(1494,10025,13,47.9,'','2024-04-03 17:26:01'),(1495,10025,13,47.9,'','2024-04-03 17:26:02'),(1496,10025,13,47.9,'','2024-04-03 17:26:04'),(1497,10025,13,47.9,'','2024-04-03 17:26:05'),(1498,10025,13,47.9,'','2024-04-03 17:26:07'),(1499,10025,13,47.9,'','2024-04-03 17:26:08'),(1500,10025,13,47.9,'','2024-04-03 17:26:10'),(1501,10025,13,47.9,'','2024-04-03 17:26:11'),(1502,10025,13,47.8,'','2024-04-03 17:26:13'),(1503,10025,13,47.9,'','2024-04-03 17:26:14'),(1504,10025,13,47.8,'','2024-04-03 17:26:16'),(1505,10025,13,47.9,'','2024-04-03 17:26:17'),(1506,10025,13,47.9,'','2024-04-03 17:26:19'),(1507,10025,13,47.9,'','2024-04-03 17:26:21'),(1508,10025,13,47.9,'','2024-04-03 17:26:22'),(1509,10025,13,47.9,'','2024-04-03 17:26:24'),(1510,10025,13,47.9,'','2024-04-03 17:26:25'),(1511,10025,13,47.8,'','2024-04-03 17:26:27'),(1512,10025,13,47.9,'','2024-04-03 17:26:28'),(1513,10025,13,47.9,'','2024-04-03 17:26:30'),(1514,10025,13,47.9,'','2024-04-03 17:26:31'),(1515,10025,13,47.9,'','2024-04-03 17:26:33'),(1516,10025,13,47.9,'','2024-04-03 17:26:34'),(1517,10025,13,47.9,'','2024-04-03 17:26:36'),(1518,10025,13,47.9,'','2024-04-03 17:26:37'),(1519,10025,13,47.9,'','2024-04-03 17:26:39'),(1520,10025,13,47.9,'','2024-04-03 17:26:40'),(1521,10025,13,47.9,'','2024-04-03 17:26:42'),(1522,10025,13,47.9,'','2024-04-03 17:26:43'),(1523,10025,13,47.9,'','2024-04-03 17:26:45'),(1524,10025,13,47.9,'','2024-04-03 17:26:47'),(1525,10025,13,47.8,'','2024-04-03 17:26:48'),(1526,10025,13,47.9,'','2024-04-03 17:26:50'),(1527,10025,13,47.9,'','2024-04-03 17:26:51'),(1528,10025,13,47.9,'','2024-04-03 17:26:53'),(1529,10025,13,47.9,'','2024-04-03 17:26:54'),(1530,10025,13,48,'','2024-04-03 17:26:56'),(1531,10025,13,47.9,'','2024-04-03 17:26:57'),(1532,10025,13,47.9,'','2024-04-03 17:26:59'),(1533,10025,13,47.8,'','2024-04-03 17:27:00'),(1534,10025,13,47.9,'','2024-04-03 17:27:02'),(1535,10025,13,47.9,'','2024-04-03 17:27:03'),(1536,10025,13,47.9,'','2024-04-03 17:27:05'),(1537,10025,13,47.9,'','2024-04-03 17:27:07'),(1538,10025,13,47.9,'','2024-04-03 17:27:08'),(1539,10025,13,47.9,'','2024-04-03 17:27:10'),(1540,10025,13,47.9,'','2024-04-03 17:27:11'),(1541,10025,13,47.9,'','2024-04-03 17:27:13'),(1542,10025,13,47.9,'','2024-04-03 17:27:14'),(1543,10025,13,47.8,'','2024-04-03 17:27:16'),(1544,10025,13,47.9,'','2024-04-03 17:27:17'),(1545,10025,13,47.9,'','2024-04-03 17:27:19'),(1546,10025,13,47.8,'','2024-04-03 17:27:20'),(1547,10025,13,47.8,'','2024-04-03 17:27:22'),(1548,10025,13,47.9,'','2024-04-03 17:27:23'),(1549,10025,13,47.9,'','2024-04-03 17:27:25'),(1550,10025,13,47.9,'','2024-04-03 17:27:26'),(1551,10025,13,47.9,'','2024-04-03 17:29:53'),(1552,10025,13,47.8,'','2024-04-03 17:29:55'),(1553,10025,13,47.9,'','2024-04-03 17:29:57'),(1554,10025,13,47.9,'','2024-04-03 17:29:58'),(1555,10025,13,47.9,'','2024-04-03 17:30:00'),(1556,10025,13,47.9,'','2024-04-03 17:30:01'),(1557,10025,13,47.9,'','2024-04-03 17:30:03'),(1558,10025,13,47.8,'','2024-04-03 17:30:04'),(1559,10025,13,47.9,'','2024-04-03 17:30:06'),(1560,10025,13,47.9,'','2024-04-03 17:30:07'),(1561,10025,13,47.8,'','2024-04-03 17:30:09'),(1562,10025,13,47.9,'','2024-04-03 17:30:10'),(1563,10025,13,47.9,'','2024-04-03 17:30:12'),(1564,10025,13,48,'','2024-04-03 17:30:13'),(1565,10025,13,47.8,'','2024-04-03 17:30:15'),(1566,10025,13,47.8,'','2024-04-03 17:30:16'),(1567,10025,13,48,'','2024-04-03 17:30:18'),(1568,10025,13,47.8,'','2024-04-03 17:30:20'),(1569,10025,13,47.9,'','2024-04-03 17:30:21'),(1570,10025,13,47.9,'','2024-04-03 17:30:23'),(1571,10025,13,47.9,'','2024-04-03 17:30:24'),(1572,10025,13,47.9,'','2024-04-03 17:30:26'),(1573,10025,13,47.9,'','2024-04-03 17:30:27'),(1574,10025,13,47.9,'','2024-04-03 17:30:29'),(1575,10025,13,47.9,'','2024-04-03 17:30:30'),(1576,10025,13,47.9,'','2024-04-03 17:30:32'),(1577,10025,13,47.8,'','2024-04-03 17:30:33'),(1578,10025,13,47.9,'','2024-04-03 17:30:35'),(1579,10025,13,47.9,'','2024-04-03 17:30:36'),(1580,10025,13,47.9,'','2024-04-03 17:30:38'),(1581,10025,13,47.9,'','2024-04-03 17:30:39'),(1582,10025,13,47.8,'','2024-04-03 17:30:41'),(1583,10025,13,47.9,'','2024-04-03 17:30:42'),(1584,10025,13,47.9,'','2024-04-03 17:30:44'),(1585,10025,13,47.8,'','2024-04-03 17:30:46'),(1586,10025,13,47.9,'','2024-04-03 17:30:47'),(1587,10025,13,47.9,'','2024-04-03 17:30:49'),(1588,10025,13,47.8,'','2024-04-03 17:30:50'),(1589,10025,13,47.9,'','2024-04-03 17:30:52'),(1590,10025,13,47.8,'','2024-04-03 17:30:53'),(1591,10025,13,47.9,'','2024-04-03 17:30:55'),(1592,10025,13,47.9,'','2024-04-03 17:30:56'),(1593,10025,13,47.9,'','2024-04-03 17:30:58'),(1594,10025,13,47.8,'','2024-04-03 17:30:59'),(1595,10025,13,47.9,'','2024-04-03 17:31:01'),(1596,10025,13,47.9,'','2024-04-03 17:31:03'),(1597,10025,13,47.9,'','2024-04-03 17:31:04'),(1598,10025,13,47.7,'','2024-04-03 17:40:59'),(1599,10025,13,47.9,'','2024-04-03 17:41:00'),(1600,10025,13,47.9,'','2024-04-03 17:41:02'),(1601,10025,13,47.9,'','2024-04-03 17:41:03'),(1602,10025,13,48,'','2024-04-03 17:41:05'),(1603,10025,13,47.9,'','2024-04-03 17:41:06'),(1604,10025,13,47.9,'','2024-04-03 17:41:08'),(1605,10025,13,47.8,'','2024-04-03 17:41:09'),(1606,10025,13,47.9,'','2024-04-03 17:43:29'),(1607,10025,13,47.9,'','2024-04-03 17:43:31'),(1608,10025,13,47.9,'','2024-04-03 17:43:32'),(1609,10025,13,47.8,'','2024-04-03 17:43:34'),(1610,10025,13,47.8,'','2024-04-03 17:44:36'),(1611,10025,13,47.9,'','2024-04-03 17:44:37'),(1612,10025,13,47.9,'','2024-04-03 17:44:39'),(1613,10025,13,47.9,'','2024-04-03 17:44:41'),(1614,10025,13,47.9,'','2024-04-03 17:44:42'),(1615,10025,13,47.8,'','2024-04-03 17:44:44'),(1616,10025,13,47.9,'','2024-04-03 17:44:45'),(1617,10025,13,47.9,'','2024-04-03 17:44:47'),(1618,10025,13,47.9,'','2024-04-03 17:44:48'),(1619,10025,13,47.9,'','2024-04-03 17:44:50'),(1620,10025,13,47.9,'','2024-04-03 17:44:51'),(1621,10025,13,47.9,'','2024-04-03 17:44:53'),(1622,10025,13,47.9,'','2024-04-03 17:44:54'),(1623,10025,13,47.9,'','2024-04-03 17:44:56'),(1624,10025,13,47.9,'','2024-04-03 17:44:57'),(1625,10025,13,47.9,'','2024-04-03 17:44:59'),(1626,10025,13,47.9,'','2024-04-03 17:45:01'),(1627,10025,13,47.9,'','2024-04-03 17:45:02'),(1628,10025,13,47.9,'','2024-04-03 17:45:04'),(1629,10025,13,47.9,'','2024-04-03 17:45:05'),(1630,10025,13,47.8,'','2024-04-03 17:45:07'),(1631,10025,13,47.9,'','2024-04-03 17:45:08'),(1632,10025,13,47.8,'','2024-04-03 17:45:10'),(1633,10025,13,47.9,'','2024-04-03 17:45:11'),(1634,10025,13,48,'','2024-04-03 17:45:13'),(1635,10025,13,47.9,'','2024-04-03 17:48:30'),(1636,10025,13,47.9,'','2024-04-03 17:48:32'),(1637,10025,13,47.9,'','2024-04-03 17:48:33'),(1638,10025,13,47.9,'','2024-04-03 17:48:35'),(1639,10025,13,47.9,'','2024-04-03 17:48:36'),(1640,10025,13,47.9,'','2024-04-03 17:48:38'),(1641,10025,13,47.9,'','2024-04-03 17:48:39'),(1642,10025,13,47.8,'','2024-04-03 17:48:41'),(1643,10025,13,47.9,'','2024-04-03 17:48:42'),(1644,10025,13,47.9,'','2024-04-03 17:48:44'),(1645,10025,13,47.9,'','2024-04-03 17:48:46'),(1646,10025,13,48,'','2024-04-03 17:48:47'),(1647,10025,13,47.9,'','2024-04-03 17:48:49'),(1648,10025,13,47.9,'','2024-04-03 17:48:50'),(1649,10025,13,47.8,'','2024-04-03 17:48:52'),(1650,10025,13,47.9,'','2024-04-03 17:48:53'),(1651,10025,13,48,'','2024-04-03 17:48:55'),(1652,10025,13,47.9,'','2024-04-03 17:48:56'),(1653,10025,13,47.9,'','2024-04-03 17:48:58'),(1654,10025,13,47.9,'','2024-04-03 17:48:59'),(1655,10025,13,47.9,'','2024-04-03 17:49:01'),(1656,10025,13,47.9,'','2024-04-03 17:49:02'),(1657,10025,13,47.9,'','2024-04-03 17:49:04'),(1658,10025,13,47.9,'','2024-04-03 17:49:05'),(1659,10025,13,47.8,'','2024-04-03 17:55:49'),(1660,10025,13,47.9,'','2024-04-03 17:55:51'),(1661,10025,13,47.8,'','2024-04-03 17:55:52'),(1662,10025,13,47.8,'','2024-04-03 17:55:54'),(1663,10025,13,47.8,'','2024-04-03 17:55:55'),(1664,10025,13,47.9,'','2024-04-03 17:55:57'),(1665,10025,13,47.9,'','2024-04-03 17:55:58'),(1666,10025,13,47.9,'','2024-04-03 17:56:00'),(1667,10025,13,47.9,'','2024-04-03 17:56:01'),(1668,10025,13,47.9,'','2024-04-03 17:56:03'),(1669,10025,13,47.9,'','2024-04-03 17:56:04'),(1670,10025,13,47.9,'','2024-04-03 17:56:06'),(1671,10025,13,47.9,'','2024-04-03 17:56:08'),(1672,10025,13,47.8,'','2024-04-03 17:56:09'),(1673,10025,13,47.9,'','2024-04-03 17:56:11'),(1674,10025,13,47.8,'','2024-04-03 17:56:12'),(1675,10025,13,47.9,'','2024-04-03 17:56:14'),(1676,10025,13,47.9,'','2024-04-03 17:56:15'),(1677,10025,13,47.8,'','2024-04-03 17:56:17'),(1678,10025,13,47.8,'','2024-04-03 17:56:18'),(1679,10025,13,47.9,'','2024-04-03 17:56:20'),(1680,10025,13,11.3,NULL,'2024-04-04 17:04:37'),(1681,10025,13,11.3,NULL,'2024-04-04 17:04:41'),(1682,10025,13,12.3,NULL,'2024-04-04 17:04:44'),(1683,10025,13,12.6,NULL,'2024-04-04 17:04:50'),(1684,10025,13,14.6,NULL,'2024-04-04 17:04:53'),(1685,10025,13,12.6,NULL,'2024-04-04 17:04:58'),(1686,10025,13,13.2,NULL,'2024-04-04 17:05:01'),(1687,10025,13,15.2,NULL,'2024-04-04 17:05:05'),(1688,10025,13,16.2,NULL,'2024-04-04 17:05:10'),(1689,10025,13,17.3,NULL,'2024-04-04 17:05:14'),(1690,10025,13,17.3,NULL,'2024-04-04 17:05:14'),(1691,10025,13,14.3,NULL,'2024-04-04 17:05:20'),(1692,10025,13,16.3,NULL,'2024-04-04 17:05:23'),(1693,10025,13,21.3,NULL,'2024-04-04 17:05:26'),(1694,10025,13,22.3,NULL,'2024-04-04 17:05:29'),(1695,10025,13,24.3,NULL,'2024-04-04 17:05:32'),(1696,10025,13,24.3,NULL,'2024-04-04 17:05:35'),(1697,10025,13,24.3,NULL,'2024-04-04 17:05:36'),(1698,10025,13,23.3,NULL,'2024-04-04 17:05:39'),(1699,10025,13,23.5,NULL,'2024-04-04 17:05:41'),(1700,10025,13,24.3,NULL,'2024-04-04 17:05:47'),(1701,10025,13,24.2,NULL,'2024-04-04 17:05:50'),(1702,10025,13,25.2,NULL,'2024-04-04 17:13:43'),(1703,10025,13,25.2,NULL,'2024-04-04 17:13:58'),(1704,10025,13,0.7,'','2024-04-06 15:52:47'),(1705,10025,13,0.6,'','2024-04-06 15:52:48'),(1706,10025,13,0.4,'','2024-04-06 15:52:50'),(1707,10025,13,0.9,'','2024-04-06 15:52:51'),(1708,10025,13,0.8,'','2024-04-06 15:52:53'),(1709,10025,13,0.9,'','2024-04-06 15:52:54'),(1710,10025,13,0.7,'','2024-04-06 15:52:56'),(1711,10025,13,0.8,'','2024-04-06 15:52:57'),(1712,10025,13,1.1,'','2024-04-06 15:52:59'),(1713,10025,13,0.8,'','2024-04-06 15:53:00'),(1714,10025,13,0.8,'','2024-04-06 15:53:02'),(1715,10025,13,0.7,'','2024-04-06 15:53:03'),(1716,10025,13,0.7,'','2024-04-06 15:53:05'),(1717,10025,13,0.4,'','2024-04-06 15:53:06'),(1718,10025,13,0.9,'','2024-04-06 15:53:08'),(1719,10025,13,0.4,'','2024-04-06 15:53:10'),(1720,10025,13,0.7,'','2024-04-06 15:53:11'),(1721,10025,13,1.1,'','2024-04-06 15:53:13'),(1722,10025,13,0.3,'','2024-04-06 15:53:14'),(1723,10025,13,0.6,'','2024-04-06 15:53:16'),(1724,10025,13,0.8,'','2024-04-06 15:53:17'),(1725,10025,13,0.9,'','2024-04-06 15:53:19'),(1726,10025,13,1.1,'','2024-04-06 15:53:20'),(1727,10025,13,0.3,'','2024-04-06 15:53:22'),(1728,10025,13,0.4,'','2024-04-06 15:53:23'),(1729,10025,13,0.3,'','2024-04-06 16:14:22'),(1730,10025,13,0.7,'','2024-04-06 16:17:31'),(1731,10025,13,1,'','2024-04-06 16:26:39'),(1732,10025,13,0.8,'','2024-04-06 16:26:40'),(1733,10025,13,0.6,'','2024-04-06 16:26:42'),(1734,10025,13,1.6,'','2024-04-06 16:26:43'),(1735,10025,13,1.3,'','2024-04-06 16:26:45'),(1736,10025,13,0.5,'','2024-04-06 16:28:04'),(1737,10025,13,0.6,'','2024-04-06 16:28:06'),(1738,10025,13,1,'','2024-04-06 16:28:07'),(1739,10025,13,-0.4,'','2024-04-06 16:28:09'),(1740,10025,13,1,'','2024-04-06 16:28:10'),(1741,10025,13,0.5,'','2024-04-06 16:28:12'),(1742,10025,13,0.4,'','2024-04-06 16:28:13'),(1743,10025,13,0.6,'','2024-04-06 16:28:15'),(1744,10025,13,0.9,'','2024-04-06 16:28:16'),(1745,10025,13,0.4,'','2024-04-06 16:28:18'),(1746,10025,13,0.5,'','2024-04-06 16:28:20'),(1747,10025,13,0.6,'','2024-04-06 16:28:21'),(1748,10025,13,0.4,'','2024-04-06 16:28:23'),(1749,10025,13,0.6,'','2024-04-06 16:28:24'),(1750,10025,13,0.2,'','2024-04-06 16:28:26'),(1751,10025,13,0,'','2024-04-06 16:28:27'),(1752,10025,13,0.6,'','2024-04-06 16:28:29'),(1753,10025,13,0.5,'','2024-04-06 16:28:30'),(1754,10025,13,0.6,'','2024-04-06 16:28:32'),(1755,10025,13,0.3,'','2024-04-06 16:28:33'),(1756,10025,13,0.9,'','2024-04-06 16:28:35'),(1757,10025,13,0.7,'','2024-04-06 16:28:36'),(1758,10025,13,0.7,'','2024-04-06 16:28:38'),(1759,10025,13,0.5,'','2024-04-06 16:28:39'),(1760,10025,13,0.4,'','2024-04-06 16:28:41'),(1761,10025,13,0.4,'','2024-04-06 16:28:43'),(1762,10025,13,0.1,'','2024-04-06 16:28:44'),(1763,10025,13,0.5,'','2024-04-06 16:28:46'),(1764,10025,13,0.5,'','2024-04-06 16:28:47'),(1765,10025,13,0.5,'','2024-04-06 16:28:49'),(1766,10025,13,0.7,'','2024-04-06 16:28:50'),(1767,10025,13,1.2,'','2024-04-06 16:28:52'),(1768,10025,13,0.6,'','2024-04-06 16:28:53'),(1769,10025,13,0.5,'','2024-04-06 16:28:55'),(1770,10025,13,0.5,'','2024-04-06 16:28:56'),(1771,10025,13,0.2,'','2024-04-06 16:28:58'),(1772,10025,13,0.3,'','2024-04-06 16:28:59'),(1773,10025,13,0.9,'','2024-04-06 16:29:01'),(1774,10025,13,0.6,'','2024-04-06 16:29:03'),(1775,10025,13,0.6,'','2024-04-06 16:29:04'),(1776,10025,13,0.5,'','2024-04-06 16:29:06'),(1777,10025,13,0.5,'','2024-04-06 16:29:07'),(1778,10025,13,0.8,'','2024-04-06 16:29:09'),(1779,10025,13,0.7,'','2024-04-06 16:29:10'),(1780,10025,13,0.7,'','2024-04-06 16:29:12'),(1781,10025,13,0.6,'','2024-04-06 16:29:13'),(1782,10025,13,0.4,'','2024-04-06 16:29:15'),(1783,10025,13,0.4,'','2024-04-06 16:29:16'),(1784,10025,13,0.6,'','2024-04-06 16:29:18'),(1785,10025,13,0.7,'','2024-04-06 16:29:19'),(1786,10025,13,0.8,'','2024-04-06 16:29:21'),(1787,10025,13,0.6,'','2024-04-06 16:29:22'),(1788,10025,13,1.2,'','2024-04-06 16:29:24'),(1789,10025,13,0.3,'','2024-04-06 16:29:26'),(1790,10025,13,0.8,'','2024-04-06 16:29:27'),(1791,10025,13,0.8,'','2024-04-06 16:29:29'),(1792,10025,13,0.7,'','2024-04-06 16:29:30'),(1793,10025,13,0.1,'','2024-04-06 16:29:32'),(1794,10025,13,0.5,'','2024-04-06 16:29:33'),(1795,10025,13,0.9,'','2024-04-06 16:29:35'),(1796,10025,13,0.4,'','2024-04-06 16:29:36'),(1797,10025,13,0.2,'','2024-04-06 16:29:38'),(1798,10025,13,1.1,'','2024-04-06 16:29:39'),(1799,10025,13,0.7,'','2024-04-06 16:29:41'),(1800,10025,13,0.5,'','2024-04-06 16:29:42'),(1801,10025,13,0.5,'','2024-04-06 16:29:44'),(1802,10025,13,0.3,'','2024-04-06 16:29:46'),(1803,10025,13,0.2,'','2024-04-06 16:29:47'),(1804,10025,13,0.9,'','2024-04-06 16:29:49'),(1805,10025,13,0.6,'','2024-04-06 16:29:50'),(1806,10025,13,0.5,'','2024-04-06 16:29:52'),(1807,10025,13,0.5,'','2024-04-06 16:29:53'),(1808,10025,13,1,'','2024-04-06 16:29:55'),(1809,10025,13,0.6,'','2024-04-06 16:29:56'),(1810,10025,13,0.5,'','2024-04-06 16:29:58'),(1811,10025,13,0.5,'','2024-04-06 16:29:59'),(1812,10025,13,0.4,'','2024-04-06 16:30:01'),(1813,10025,13,0.9,'','2024-04-06 16:30:02'),(1814,10025,13,0.5,'','2024-04-06 16:30:04'),(1815,10025,13,0.1,'','2024-04-06 16:30:05'),(1816,10025,13,0.3,'','2024-04-06 16:30:07'),(1817,10025,13,0.5,'','2024-04-06 16:30:09'),(1818,10025,13,0.5,'','2024-04-06 16:30:10'),(1819,10025,13,1.1,'','2024-04-06 16:30:12'),(1820,10025,13,0.2,'','2024-04-06 16:30:13'),(1821,10025,13,0.4,'','2024-04-06 16:30:15'),(1822,10025,13,0.6,'','2024-04-06 16:30:16'),(1823,10025,13,0.4,'','2024-04-06 16:30:18'),(1824,10025,13,0.2,'','2024-04-06 16:30:19'),(1825,10025,13,0.4,'','2024-04-06 16:30:21'),(1826,10025,13,0.8,'','2024-04-06 16:30:22'),(1827,10025,13,0.4,'','2024-04-06 16:30:24'),(1828,10025,13,0.4,'','2024-04-06 16:30:25'),(1829,10025,13,0.6,'','2024-04-06 16:30:27'),(1830,10025,13,0.3,'','2024-04-06 16:30:29'),(1831,10025,13,0.7,'','2024-04-06 16:30:30'),(1832,10025,13,0.4,'','2024-04-06 16:30:32'),(1833,10025,13,0.6,'','2024-04-06 16:30:33'),(1834,10025,13,0.7,'','2024-04-06 16:30:35'),(1835,10025,13,0.8,'','2024-04-06 16:30:36'),(1836,10025,13,0.7,'','2024-04-06 16:30:38'),(1837,10025,13,0.4,'','2024-04-06 16:30:39'),(1838,10025,13,0.4,'','2024-04-06 16:30:41'),(1839,10025,13,0.6,'','2024-04-06 16:30:42'),(1840,10025,13,1.1,'','2024-04-06 16:30:44'),(1841,10025,13,0.5,'','2024-04-06 16:30:45'),(1842,10025,13,1,'','2024-04-06 16:30:47'),(1843,10025,13,0.5,'','2024-04-06 16:30:48'),(1844,10025,13,0.6,'','2024-04-06 16:30:50'),(1845,10025,13,0.5,'','2024-04-06 16:30:52'),(1846,10025,13,1.1,'','2024-04-06 16:30:53'),(1847,10025,13,0,'','2024-04-06 16:30:55'),(1848,10025,13,0.6,'','2024-04-06 16:30:56'),(1849,10025,13,0.5,'','2024-04-06 16:30:58'),(1850,10025,13,0.6,'','2024-04-06 16:30:59'),(1851,10025,13,0.6,'','2024-04-06 16:31:01'),(1852,10025,13,0.6,'','2024-04-06 16:31:02'),(1853,10025,13,0.4,'','2024-04-06 16:31:04'),(1854,10025,13,0.8,'','2024-04-06 16:31:05'),(1855,10025,13,0.6,'','2024-04-06 16:31:07'),(1856,10025,13,0.5,'','2024-04-06 16:31:08'),(1857,10025,13,0.2,'','2024-04-06 16:31:10'),(1858,10025,13,0.1,'','2024-04-06 16:31:11'),(1859,10025,13,0.9,'','2024-04-06 16:31:13'),(1860,10025,13,0.5,'','2024-04-06 16:31:15'),(1861,10025,13,0.5,'','2024-04-06 16:31:16'),(1862,10025,13,0.6,'','2024-04-06 16:31:18'),(1863,10025,13,0.8,'','2024-04-06 16:31:19'),(1864,10025,13,0.3,'','2024-04-06 16:31:21'),(1865,10025,13,0.7,'','2024-04-06 16:31:22'),(1866,10025,13,0.5,'','2024-04-06 16:31:24'),(1867,10025,13,0.9,'','2024-04-06 16:31:25'),(1868,10025,13,1.1,'','2024-04-06 16:31:27'),(1869,10025,13,-0.5,'','2024-04-06 16:31:28'),(1870,10025,13,1,'','2024-04-06 16:31:30'),(1871,10025,13,0.8,'','2024-04-06 16:31:31'),(1872,10025,13,0.5,'','2024-04-06 16:31:33'),(1873,10025,13,0.5,'','2024-04-06 16:31:35'),(1874,10025,13,1.1,'','2024-04-06 16:31:36'),(1875,10025,13,0.3,'','2024-04-06 16:31:38'),(1876,10025,13,0.7,'','2024-04-06 16:31:39'),(1877,10025,13,0.6,'','2024-04-06 16:31:41'),(1878,10025,13,0.5,'','2024-04-06 16:31:42'),(1879,10025,13,0.4,'','2024-04-06 16:31:44'),(1880,10025,13,0.3,'','2024-04-06 16:31:45'),(1881,10025,13,0.7,'','2024-04-06 16:31:47'),(1882,10025,13,0.6,'','2024-04-06 16:31:48'),(1883,10025,13,0.7,'','2024-04-06 16:31:50'),(1884,10025,13,0.6,'','2024-04-06 16:31:51'),(1885,10025,13,1.2,'','2024-04-06 16:31:53'),(1886,10025,13,0.8,'','2024-04-06 16:31:54'),(1887,10025,13,0.6,'','2024-04-06 16:31:56'),(1888,10025,13,0.5,'','2024-04-06 16:31:58'),(1889,10025,13,0.6,'','2024-04-06 16:31:59'),(1890,10025,13,0.8,'','2024-04-06 16:32:01'),(1891,10025,13,-0.3,'','2024-04-06 16:32:02'),(1892,10025,13,0.3,'','2024-04-06 16:32:04'),(1893,10025,13,0.5,'','2024-04-06 16:32:05'),(1894,10025,13,0.4,'','2024-04-06 16:32:07'),(1895,10025,13,0.4,'','2024-04-06 16:32:08'),(1896,10025,13,0,'','2024-04-06 16:32:10'),(1897,10025,13,0.8,'','2024-04-06 16:32:11'),(1898,10025,13,0.5,'','2024-04-06 16:32:13'),(1899,10025,13,0.5,'','2024-04-06 16:32:14'),(1900,10025,13,0.5,'','2024-04-06 16:32:16'),(1901,10025,13,0.9,'','2024-04-06 16:32:17'),(1902,10025,13,0.4,'','2024-04-06 16:32:19'),(1903,10025,13,0,'','2024-04-06 16:32:21'),(1904,10025,13,0.4,'','2024-04-06 16:32:22'),(1905,10025,13,0.2,'','2024-04-06 16:32:24'),(1906,10025,13,0.4,'','2024-04-06 16:32:25'),(1907,10025,13,0.7,'','2024-04-06 16:32:27'),(1908,10025,13,0.1,'','2024-04-06 16:32:28'),(1909,10025,13,0.4,'','2024-04-06 16:32:30'),(1910,10025,13,0.3,'','2024-04-06 16:32:31'),(1911,10025,13,0.7,'','2024-04-06 16:32:33'),(1912,10025,13,1,'','2024-04-06 16:32:34'),(1913,10025,13,-0.1,'','2024-04-06 16:32:36'),(1914,10025,13,0.4,'','2024-04-06 16:32:37'),(1915,10025,13,0.3,'','2024-04-06 16:32:39'),(1916,10025,13,1.1,'','2024-04-06 16:32:41'),(1917,10025,13,0.4,'','2024-04-06 16:32:42'),(1918,10025,13,0.4,'','2024-04-06 16:32:44'),(1919,10025,13,0.2,'','2024-04-06 16:32:45'),(1920,10025,13,0.2,'','2024-04-06 16:32:47'),(1921,10025,13,0.8,'','2024-04-06 16:32:48'),(1922,10025,13,0.2,'','2024-04-06 16:32:50'),(1923,10025,13,0.7,'','2024-04-06 16:32:51'),(1924,10025,13,0.6,'','2024-04-06 16:32:53'),(1925,10025,13,1.1,'','2024-04-06 16:32:54'),(1926,10025,13,0.2,'','2024-04-06 16:32:56'),(1927,10025,13,0.5,'','2024-04-06 16:32:57'),(1928,10025,13,0.5,'','2024-04-06 16:32:59'),(1929,10025,13,0.4,'','2024-04-06 16:33:00'),(1930,10025,13,0.1,'','2024-04-06 16:33:02'),(1931,10025,13,0,'','2024-04-06 16:33:03'),(1932,10025,13,0.2,'','2024-04-06 16:33:05'),(1933,10025,13,0.3,'','2024-04-06 16:33:07'),(1934,10025,13,0.4,'','2024-04-06 16:33:08'),(1935,10025,13,0.4,'','2024-04-06 16:33:10'),(1936,10025,13,0.2,'','2024-04-06 16:33:11'),(1937,10025,13,0.6,'','2024-04-06 16:33:13'),(1938,10025,13,0.4,'','2024-04-06 16:33:14'),(1939,10025,13,0.4,'','2024-04-06 16:33:16'),(1940,10025,13,0.4,'','2024-04-06 16:33:17'),(1941,10025,13,0.9,'','2024-04-06 16:33:19'),(1942,10025,13,0.9,'','2024-04-06 16:33:20'),(1943,10025,13,-0.1,'','2024-04-06 16:33:22'),(1944,10025,13,0.4,'','2024-04-06 16:33:24'),(1945,10025,13,0.4,'','2024-04-06 16:33:25'),(1946,10025,13,0.3,'','2024-04-06 16:33:27'),(1947,10025,13,0.1,'','2024-04-06 16:33:28'),(1948,10025,13,0.4,'','2024-04-06 16:33:30'),(1949,10025,13,0.4,'','2024-04-06 16:33:31'),(1950,10025,13,0.9,'','2024-04-06 16:33:33'),(1951,10025,13,0.3,'','2024-04-06 16:33:34'),(1952,10025,13,0.9,'','2024-04-06 16:33:36'),(1953,10025,13,0.6,'','2024-04-06 16:33:37'),(1954,10025,13,0.2,'','2024-04-06 16:33:39'),(1955,10025,13,0.3,'','2024-04-06 16:33:40'),(1956,10025,13,0.5,'','2024-04-06 16:33:42'),(1957,10025,13,0.5,'','2024-04-06 16:33:43'),(1958,10025,13,0.8,'','2024-04-06 16:33:45'),(1959,10025,13,0.8,'','2024-04-06 16:33:46'),(1960,10025,13,0.6,'','2024-04-06 16:33:48'),(1961,10025,13,0.5,'','2024-04-06 16:33:50'),(1962,10025,13,0.5,'','2024-04-06 16:33:51'),(1963,10025,13,0.9,'','2024-04-06 16:33:53'),(1964,10025,13,0.5,'','2024-04-06 16:33:54'),(1965,10025,13,0.9,'','2024-04-06 16:33:56'),(1966,10025,13,0.3,'','2024-04-06 16:33:57'),(1967,10025,13,0.7,'','2024-04-06 16:33:59'),(1968,10025,13,0.5,'','2024-04-06 16:34:00'),(1969,10025,13,0.7,'','2024-04-06 16:34:02'),(1970,10025,13,0.3,'','2024-04-06 16:34:03'),(1971,10025,13,0.5,'','2024-04-06 16:34:05'),(1972,10025,13,0.8,'','2024-04-06 16:34:06'),(1973,10025,13,0.5,'','2024-04-06 16:34:08'),(1974,10025,13,1.1,'','2024-04-06 16:34:10'),(1975,10025,13,0.3,'','2024-04-06 16:34:11'),(1976,10025,13,-0.1,'','2024-04-06 16:34:13'),(1977,10025,13,0.4,'','2024-04-06 16:34:14'),(1978,10025,13,0.2,'','2024-04-06 16:34:16'),(1979,10025,13,0.7,'','2024-04-06 16:34:17'),(1980,10025,13,0.4,'','2024-04-06 16:34:19'),(1981,10025,13,0.3,'','2024-04-06 16:34:20'),(1982,10025,13,0.7,'','2024-04-06 16:34:22'),(1983,10025,13,0.7,'','2024-04-06 16:34:23'),(1984,10025,13,0.7,'','2024-04-06 16:34:25'),(1985,10025,13,1.2,'','2024-04-06 16:34:26'),(1986,10025,13,0.8,'','2024-04-06 16:34:28'),(1987,10025,13,0,'','2024-04-06 16:34:29'),(1988,10025,13,0.5,'','2024-04-06 16:34:31'),(1989,10025,13,0.5,'','2024-04-06 16:34:33'),(1990,10025,13,0.6,'','2024-04-06 16:34:34'),(1991,10025,13,0.6,'','2024-04-06 16:34:36'),(1992,10025,13,1.3,'','2024-04-06 16:34:37'),(1993,10025,13,0.6,'','2024-04-06 16:34:39'),(1994,10025,13,0.6,'','2024-04-06 16:34:40'),(1995,10025,13,0.7,'','2024-04-06 16:34:42'),(1996,10025,13,0.3,'','2024-04-06 16:34:43'),(1997,10025,13,0.6,'','2024-04-06 16:34:45'),(1998,10025,13,0.8,'','2024-04-06 16:34:46'),(1999,10025,13,0.5,'','2024-04-06 16:34:48'),(2000,10025,13,0.6,'','2024-04-06 16:34:49'),(2001,10025,13,0.5,'','2024-04-06 16:34:51'),(2002,10025,13,1.1,'','2024-04-06 16:34:53'),(2003,10025,13,0.7,'','2024-04-06 16:34:54'),(2004,10025,13,0.6,'','2024-04-06 16:34:56'),(2005,10025,13,0.8,'','2024-04-06 16:34:57'),(2006,10025,13,0.5,'','2024-04-06 16:34:59'),(2007,10025,13,0,'','2024-04-06 16:35:00'),(2008,10025,13,1.3,'','2024-04-06 16:35:02'),(2009,10025,13,0.3,'','2024-04-06 16:35:03'),(2010,10025,13,0.4,'','2024-04-06 16:35:05'),(2011,10025,13,0.4,'','2024-04-06 16:35:06'),(2012,10025,13,0.4,'','2024-04-06 16:35:08'),(2013,10025,13,0.4,'','2024-04-06 16:35:09'),(2014,10025,13,0.9,'','2024-04-06 16:35:11'),(2015,10025,13,0.5,'','2024-04-06 16:35:12'),(2016,10025,13,0.5,'','2024-04-06 16:35:14'),(2017,10025,13,0.3,'','2024-04-06 16:35:16'),(2018,10025,13,0,'','2024-04-06 16:35:17'),(2019,10025,13,0.6,'','2024-04-06 16:35:19'),(2020,10025,13,0.5,'','2024-04-06 16:35:20'),(2021,10025,13,0.5,'','2024-04-06 16:35:22'),(2022,10025,13,1.9,'','2024-04-06 16:35:23'),(2023,10025,13,1.1,'','2024-04-06 16:35:25'),(2024,10025,13,2.9,'','2024-04-06 16:35:26'),(2025,10025,13,0.7,'','2024-04-06 16:36:13'),(2026,10025,13,0.7,'','2024-04-06 16:36:15'),(2027,10025,13,1.1,'','2024-04-06 16:36:16'),(2028,10025,13,0.2,'','2024-04-06 16:36:18'),(2029,10025,13,2.8,'','2024-04-06 16:36:19'),(2030,10025,13,3.3,'','2024-04-06 16:36:21'),(2031,10025,13,1.1,'','2024-04-06 16:36:22'),(2032,10025,13,-0.2,'','2024-04-06 16:36:24'),(2033,10025,13,3.6,'','2024-04-06 16:36:25'),(2034,10025,13,0.2,'','2024-04-06 16:48:07'),(2035,10025,13,0.8,'','2024-04-06 16:50:22'),(2036,10025,13,0.4,'','2024-04-06 16:51:30'),(2037,10025,13,0,'','2024-04-06 16:51:31'),(2038,10025,13,0.9,'','2024-04-06 16:51:33'),(2039,10025,13,-0.8,'','2024-04-06 16:51:34'),(2040,10025,13,0.3,'','2024-04-06 16:51:36'),(2041,10025,13,0.2,'','2024-04-06 16:51:37'),(2042,10025,13,0.2,'','2024-04-06 16:51:39'),(2043,10025,13,0.2,'','2024-04-06 16:51:40'),(2044,10025,13,0.3,'','2024-04-06 16:51:42'),(2045,10025,13,1,'','2024-04-06 16:52:22'),(2046,10025,13,0.7,'','2024-04-06 16:52:23'),(2047,10025,13,1.1,'','2024-04-06 16:52:25'),(2048,10025,13,0.9,'','2024-04-06 16:52:26'),(2049,10025,13,0.3,'','2024-04-06 16:56:39'),(2050,10025,13,0.2,'','2024-04-06 16:56:40'),(2051,10025,13,0.7,'','2024-04-06 16:56:42'),(2052,10025,13,0.6,'','2024-04-06 16:56:43'),(2053,10025,13,25.2,NULL,'2024-04-06 21:39:19'),(2054,10025,13,0.5,NULL,'2024-04-06 22:00:30'),(2055,10025,13,0.2,NULL,'2024-04-06 22:01:07'),(2056,10025,13,0.5,NULL,'2024-04-06 22:10:20'),(2057,10025,13,0.5,NULL,'2024-04-06 22:10:56'),(2058,10025,13,0.5,NULL,'2024-04-06 22:22:44');
/*!40000 ALTER TABLE `t_sensor_data` ENABLE KEYS */;
UNLOCK TABLES;

--
-- Table structure for table `t_sensor_fields`
--

DROP TABLE IF EXISTS `t_sensor_fields`;
/*!40101 SET @saved_cs_client     = @@character_set_client */;
/*!50503 SET character_set_client = utf8mb4 */;
CREATE TABLE `t_sensor_fields` (
  `nid` int NOT NULL AUTO_INCREMENT COMMENT '自增ID',
  `n_name` varchar(255) NOT NULL COMMENT '字段名称',
  `n_unit` varchar(255) DEFAULT NULL COMMENT '字段单位',
  `n_description` text COMMENT '字段描述',
  `is_alter` int DEFAULT NULL COMMENT '是否启用告警',
  `alter_top` double DEFAULT NULL COMMENT '告警上限',
  `alter_down` double DEFAULT NULL COMMENT '告警下限',
  `alter_description` text COMMENT '告警描述',
  `alter_intensity` int DEFAULT NULL COMMENT '告警强度',
  `version` int DEFAULT '1' COMMENT '乐观锁',
  `is_deleted` int DEFAULT '0' COMMENT '逻辑删除标识',
  PRIMARY KEY (`nid`)
) ENGINE=InnoDB AUTO_INCREMENT=14 DEFAULT CHARSET=utf8mb4 COLLATE=utf8mb4_0900_ai_ci;
/*!40101 SET character_set_client = @saved_cs_client */;

--
-- Dumping data for table `t_sensor_fields`
--

LOCK TABLES `t_sensor_fields` WRITE;
/*!40000 ALTER TABLE `t_sensor_fields` DISABLE KEYS */;
INSERT INTO `t_sensor_fields` VALUES (1,'temp','℃','温度',1,40,-10,'温度异常',1,1,1),(2,'humi','%','湿度',1,80,20,'湿度异常',2,1,0),(3,'Force Sensor','N','力传感器',1,100,0,'力超过阈值',3,1,0),(4,'Light Intensity Sensor','lux','光照强度传感器',1,1000,100,'光照强度超过阈值',2,1,0),(5,'Pressure Sensor','Pa','压力传感器',1,100000,50000,'压力超过阈值',3,1,1),(6,'Alcohol Concentration Sensor','%','酒精浓度传感器',1,40,0,'酒精浓度超过阈值',2,1,0),(7,'Carbon Dioxide Concentration Sensor','ppm','二氧化碳浓度传感器',0,-1,-1,'无',0,1,0),(8,'Carbon Monoxide Concentration Sensor','ppm','一氧化碳浓度传感器',1,30,0,'一氧化碳浓度超过阈值',3,1,1),(11,'temp Sensor','C','温度',1,60,0,'温度异常',3,1,0),(13,'force Sensor','N','检测电机推力',1,10,0,'力传感器超过阈值',2,1,0);
/*!40000 ALTER TABLE `t_sensor_fields` ENABLE KEYS */;
UNLOCK TABLES;

--
-- Table structure for table `t_user`
--

DROP TABLE IF EXISTS `t_user`;
/*!40101 SET @saved_cs_client     = @@character_set_client */;
/*!50503 SET character_set_client = utf8mb4 */;
CREATE TABLE `t_user` (
  `uid` int NOT NULL AUTO_INCREMENT COMMENT '用户主键',
  `user_name` varchar(20) NOT NULL COMMENT '用户名',
  `user_pwd` varchar(100) NOT NULL COMMENT '用户密码',
  `version` int DEFAULT '1' COMMENT '乐观锁',
  `is_deleted` int DEFAULT '0' COMMENT '是否被删除 1 删除  0 未删除',
  `user_nickname` varchar(15) NOT NULL,
  `login_ip` varchar(128) DEFAULT NULL,
  `login_time` datetime DEFAULT NULL,
  `email` varchar(50) DEFAULT NULL,
  PRIMARY KEY (`uid`)
) ENGINE=InnoDB AUTO_INCREMENT=7 DEFAULT CHARSET=utf8mb4 COLLATE=utf8mb4_0900_ai_ci;
/*!40101 SET character_set_client = @saved_cs_client */;

--
-- Dumping data for table `t_user`
--

LOCK TABLES `t_user` WRITE;
/*!40000 ALTER TABLE `t_user` DISABLE KEYS */;
INSERT INTO `t_user` VALUES (1,'admin','$2a$10$pRwnzWnbVnhAhR8DBzvfrujFzguinBp13siEApFgasTbvqJxi3nrq',1,0,'root','127.0.0.1','2024-04-06 16:10:07','2405499352@qq.com'),(2,'xiaoming','$2a$10$pRwnzWnbVnhAhR8DBzvfrujFzguinBp13siEApFgasTbvqJxi3nrq',1,0,'小明','127.0.0.1','2024-04-06 21:25:59','summerwunder666@outlook.com'),(3,'xiaowang','$2a$10$x17.9fGqrgGpsDIaUhRKAeqeKixArq0ov51JQYydMe9sURuawxZU2',1,0,'小王','127.0.0.1','2024-03-14 18:18:27','summerwunder666@outlook.com'),(6,'xiaofang','$2a$10$XzPa8pwCL3.ViFMSO5GeG.WZv4WjJ/VvmBuJKLdJyVzSTHnKxPtcG',1,0,'小方','127.0.0.1','2024-04-02 23:27:14','2405499352@qq.com');
/*!40000 ALTER TABLE `t_user` ENABLE KEYS */;
UNLOCK TABLES;

--
-- Table structure for table `t_user_map_alarm_actions`
--

DROP TABLE IF EXISTS `t_user_map_alarm_actions`;
/*!40101 SET @saved_cs_client     = @@character_set_client */;
/*!50503 SET character_set_client = utf8mb4 */;
CREATE TABLE `t_user_map_alarm_actions` (
  `id` int NOT NULL AUTO_INCREMENT,
  `user_id` int NOT NULL,
  `alarm_action_id` int NOT NULL,
  `alarm_intensity` int DEFAULT '0' COMMENT '报警强度',
  PRIMARY KEY (`id`)
) ENGINE=InnoDB AUTO_INCREMENT=25 DEFAULT CHARSET=utf8mb4 COLLATE=utf8mb4_0900_ai_ci;
/*!40101 SET character_set_client = @saved_cs_client */;

--
-- Dumping data for table `t_user_map_alarm_actions`
--

LOCK TABLES `t_user_map_alarm_actions` WRITE;
/*!40000 ALTER TABLE `t_user_map_alarm_actions` DISABLE KEYS */;
INSERT INTO `t_user_map_alarm_actions` VALUES (1,1,1,1),(9,1,8,0),(10,1,1,2),(14,1,7,1),(15,1,2,2),(16,1,6,1),(17,1,6,2),(18,1,6,3),(20,2,9,2),(21,2,9,3),(23,2,10,2),(24,2,11,0);
/*!40000 ALTER TABLE `t_user_map_alarm_actions` ENABLE KEYS */;
UNLOCK TABLES;

--
-- Table structure for table `t_user_map_devices`
--

DROP TABLE IF EXISTS `t_user_map_devices`;
/*!40101 SET @saved_cs_client     = @@character_set_client */;
/*!50503 SET character_set_client = utf8mb4 */;
CREATE TABLE `t_user_map_devices` (
  `m_id` int NOT NULL AUTO_INCREMENT,
  `d_id` int DEFAULT NULL COMMENT '设备ID',
  `u_id` int DEFAULT NULL COMMENT '用户ID',
  PRIMARY KEY (`m_id`)
) ENGINE=InnoDB AUTO_INCREMENT=18 DEFAULT CHARSET=utf8mb4 COLLATE=utf8mb4_0900_ai_ci;
/*!40101 SET character_set_client = @saved_cs_client */;

--
-- Dumping data for table `t_user_map_devices`
--

LOCK TABLES `t_user_map_devices` WRITE;
/*!40000 ALTER TABLE `t_user_map_devices` DISABLE KEYS */;
INSERT INTO `t_user_map_devices` VALUES (1,10000,1),(3,10002,1),(5,10004,1),(6,10005,1),(7,10006,1),(9,10008,1),(10,10009,1),(14,10022,1),(17,10025,2);
/*!40000 ALTER TABLE `t_user_map_devices` ENABLE KEYS */;
UNLOCK TABLES;

--
-- Table structure for table `t_user_map_sensors`
--

DROP TABLE IF EXISTS `t_user_map_sensors`;
/*!40101 SET @saved_cs_client     = @@character_set_client */;
/*!50503 SET character_set_client = utf8mb4 */;
CREATE TABLE `t_user_map_sensors` (
  `m_id` int NOT NULL AUTO_INCREMENT,
  `u_id` int NOT NULL COMMENT '用户id',
  `s_id` int NOT NULL COMMENT '传感器字段id',
  PRIMARY KEY (`m_id`)
) ENGINE=InnoDB AUTO_INCREMENT=15 DEFAULT CHARSET=utf8mb4 COLLATE=utf8mb4_0900_ai_ci;
/*!40101 SET character_set_client = @saved_cs_client */;

--
-- Dumping data for table `t_user_map_sensors`
--

LOCK TABLES `t_user_map_sensors` WRITE;
/*!40000 ALTER TABLE `t_user_map_sensors` DISABLE KEYS */;
INSERT INTO `t_user_map_sensors` VALUES (2,1,2),(3,1,3),(4,1,4),(6,1,6),(7,1,7),(8,2,11),(10,2,8),(12,2,13);
/*!40000 ALTER TABLE `t_user_map_sensors` ENABLE KEYS */;
UNLOCK TABLES;
/*!40103 SET TIME_ZONE=@OLD_TIME_ZONE */;

/*!40101 SET SQL_MODE=@OLD_SQL_MODE */;
/*!40014 SET FOREIGN_KEY_CHECKS=@OLD_FOREIGN_KEY_CHECKS */;
/*!40014 SET UNIQUE_CHECKS=@OLD_UNIQUE_CHECKS */;
/*!40101 SET CHARACTER_SET_CLIENT=@OLD_CHARACTER_SET_CLIENT */;
/*!40101 SET CHARACTER_SET_RESULTS=@OLD_CHARACTER_SET_RESULTS */;
/*!40101 SET COLLATION_CONNECTION=@OLD_COLLATION_CONNECTION */;
/*!40111 SET SQL_NOTES=@OLD_SQL_NOTES */;

-- Dump completed on 2024-04-07  0:25:23
